word,parent_word,tense,person
আঁকাইনি,আঁকা,so,am
আঁকাওনি,আঁকা,so,tm
আঁকাননি,আঁকা,so,ap
আঁকাসনি,আঁকা,so,tu
আঁকায়নি,আঁকা,so,ae
আঁচড়াইনি,আঁচড়ানো,so,am
আঁচড়াওনি,আঁচড়ানো,so,tm
আঁচড়াননি,আঁচড়ানো,so,ap
আঁচড়াসনি,আঁচড়ানো,so,tu
আঁচড়ায়নি,আঁচড়ানো,so,ae
আঁটিনি,আঁটা,so,am
আঁটিসনি,আঁটা,so,tu
আঁটেননি,আঁটা,so,ap
আঁটেনি,আঁটা,so,ae
আঁটোনি,আঁটা,so,tm
আউলাইনি,আউলানো,so,am
আউলাওনি,আউলানো,so,tm
আউলাননি,আউলানো,so,ap
আউলাসনি,আউলানো,so,tu
আউলায়নি,আউলানো,so,ae
আউড়াইনি,আউড়ানো,so,am
আউড়াওনি,আউড়ানো,so,tm
আউড়াননি,আউড়ানো,so,ap
আউড়াসনি,আউড়ানো,so,tu
আউড়ায়নি,আউড়ানো,so,ae
আউড়িনি,আউড়া,so,am
আউড়েননি,আউড়া,so,ap
আউড়েনি,আউড়া,so,ae
আউড়েসনি,আউড়া,so,tu
আউড়োনি,আউড়া,so,tm
আওটাইনি,আওটানো,so,am
আওটাওনি,আওটানো,so,tm
আওটাননি,আওটানো,so,ap
আওটাসনি,আওটানো,so,tu
আওটায়নি,আওটানো,so,ae
আওটিনি,আওটা,so,am
আওটিসনি,আওটা,so,tu
আওটেননি,আওটা,so,ap
আওটেনি,আওটা,so,ae
আওটোনি,আওটা,so,tm
আওড়াইনি,আওড়ানো,so,am
আওড়াওনি,আওড়ানো,so,tm
আওড়াননি,আওড়ানো,so,ap
আওড়াসনি,আওড়ানো,so,tu
আওড়ায়নি,আওড়ানো,so,ae
আগলাইনি,আগলানো,so,am
আগলাওনি,আগলানো,so,tm
আগলাননি,আগলানো,so,ap
আগলাসনি,আগলানো,so,tu
আগলায়নি,আগলানো,so,ae
আগাইনি,আগানো,so,am
আগাওনি,আগানো,so,tm
আগাননি,আগানো,so,ap
আগাসনি,আগানো,so,tu
আগায়নি,আগানো,so,ae
আঙলাইনি,আঙলানো,so,am
আঙলাওনি,আঙলানো,so,tm
আঙলাননি,আঙলানো,so,ap
আঙলাসনি,আঙলানো,so,tu
আঙলায়নি,আঙলানো,so,ae
আঙলিনি,আঙলা,so,am
আঙলিসনি,আঙলা,so,tu
আঙলেননি,আঙলা,so,ap
আঙলেনি,আঙলা,so,ae
আঙলোনি,আঙলা,so,tm
আছড়াইনি,আছড়ানো,so,am
আছড়াওনি,আছড়ানো,so,tm
আছড়াননি,আছড়ানো,so,ap
আছড়াসনি,আছড়ানো,so,tu
আছড়ায়নি,আছড়ানো,so,ae
আটকাইনি,আটকানো,so,am
আটকাওনি,আটকানো,so,tm
আটকাননি,আটকানো,so,ap
আটকাসনি,আটকানো,so,tu
আটকায়নি,আটকানো,so,ae
আনাওনি,আনানো,so,tm
আনাননি,আনানো,so,ap
আনাসনি,আনানো,so,tu
আনায়নি,আনানো,so,ae
আনায়নি,আনানো,so,am
আনিনি,আনা,so,am
আনিসিনি,আনা,so,tu
আনেননি,আনা,so,ap
আনেনি,আনা,so,ae
আনোনি,আনা,so,tm
আলগাওনি,আলগানো,so,tm
আলগাননি,আলগানো,so,ap
আলগাসনি,আলগানো,so,tu
আলগায়নি,আলগানো,so,ae
আলগায়নি,আলগানো,so,am
আলাইনি,আলানো,so,am
আলাওনি,আলানো,so,tm
আলাননি,আলানো,so,ap
আলাসনি,আলানো,so,tu
আলায়নি,আলানো,so,ae
আসিনি,আসা,so,am
আসিসনি,আসা,so,tu
আসেননি,আসা,so,ap
আসেনি,আসা,so,ae
আসোনি,আসা,so,tm
উঁচলাইনি,উঁচলানো,so,am
উঁচলাওনি,উঁচলানো,so,tm
উঁচলাননি,উঁচলানো,so,ap
উঁচলাসনি,উঁচলানো,so,tu
উঁচলায়নি,উঁচলানো,so,ae
উঁচাইনি,উঁচানো,so,am
উঁচাওনি,উঁচানো,so,tm
উঁচাননি,উঁচানো,so,ap
উঁচাসনি,উঁচানো,so,tu
উঁচায়নি,উঁচানো,so,ae
উখড়াইনি,উখড়ানো,so,am
উখড়াওনি,উখড়ানো,so,tm
উখড়াননি,উখড়ানো,so,ap
উখড়াসনি,উখড়ানো,so,tu
উখড়ায়নি,উখড়ানো,so,ae
উগরাইনি,উগরানো,so,am
উগরাওনি,উগরানো,so,tm
উগরাননি,উগরানো,so,ap
উগরাসনি,উগরানো,so,tu
উগরায়নি,উগরানো,so,ae
উছলাইনি,উছলানো,so,am
উছলাওনি,উছলানো,so,tm
উছলাননি,উছলানো,so,ap
উছলাসনি,উছলানো,so,tu
উছলায়নি,উছলানো,so,ae
উছলিনি,উছলা,so,am
উছলিসনি,উছলা,so,tu
উছলেননি,উছলা,so,ap
উছলেনি,উছলা,so,ae
উছলোনি,উছলা,so,tm
উজাইনি,উজানো,so,am
উজাওনি,উজানো,so,tm
উজাননি,উজানো,so,ap
উজাসনি,উজানো,so,tu
উজায়নি,উজানো,so,ae
উঠাইনি,উঠানো,so,am
উঠাওনি,উঠানো,so,tm
উঠাননি,উঠানো,so,ap
উঠাসনি,উঠানো,so,tu
উঠায়নি,উঠানো,so,ae
উঠিনি,ওঠা,so,am
উঠিসনি,ওঠা,so,tu
উতরাইনি,উতরানো,so,am
উতরাওনি,উতরানো,so,tm
উতরাননি,উতরানো,so,ap
উতরাসনি,উতরানো,so,tu
উতরায়নি,উতরানো,so,ae
উথলাইনি,উথলানো,so,am
উথলাওনি,উথলানো,so,tm
উথলাননি,উথলানো,so,ap
উথলাসনি,উথলানো,so,tu
উথলায়নি,উথলানো,so,ae
উথলিনি,উথলা,so,am
উথলিসনি,উথলা,so,tu
উথলেননি,উথলা,so,ap
উথলেনি,উথলা,so,ae
উথলোনি,উথলা,so,tm
উপচাইনি,উপচানো,so,am
উপচাওনি,উপচানো,so,tm
উপচাননি,উপচানো,so,ap
উপচাসনি,উপচানো,so,tu
উপচায়নি,উপচানো,so,ae
উপচিনি,উপচা,so,am
উপচিসনি,উপচা,so,tu
উপচেননি,উপচা,so,ap
উপচেনি,উপচা,so,ae
উপচোনি,উপচা,so,tm
উপড়াইনি,উপড়ানো,so,am
উপড়াওনি,উপড়ানো,so,tm
উপড়াননি,উপড়ানো,so,ap
উপড়াসনি,উপড়ানো,so,tu
উপড়ায়নি,উপড়ানো,so,ae
উবাইনি,উবানো,so,am
উবাওনি,উবানো,so,tm
উবাননি,উবানো,so,ap
উবাসনি,উবানো,so,tu
উবায়নি,উবানো,so,ae
উলটাইনি,উলটানো,so,am
উলটাওনি,উলটানো,so,tm
উলটাননি,উলটানো,so,ap
উলটাসনি,উলটানো,so,tu
উলটায়নি,উলটানো,so,ae
উলটিনি,উলটা,so,am
উলটিসনি,উলটা,so,tu
উলটেননি,উলটা,so,ap
উলটেনি,উলটা,so,ae
উলটোনি,উলটা,so,tm
উসকাইনি,উসকানো,so,am
উসকাওনি,উসকানো,so,tm
উসকাননি,উসকানো,so,ap
উসকাসনি,উসকানো,so,tu
উসকায়নি,উসকানো,so,ae
এলাইনি,এলা,so,am
এলাওনি,এলা,so,tm
এলাননি,এলা,so,ap
এলাসনি,এলা,so,tu
এলায়নি,এলা,so,ae
এড়াইনি,এড়া,so,am
এড়াইনি,এড়ানো,so,am
এড়াওনি,এড়া,so,tm
এড়াওনি,এড়ানো,so,tm
এড়াননি,এড়া,so,ap
এড়াননি,এড়ানো,so,ap
এড়াসনি,এড়া,so,tu
এড়াসনি,এড়ানো,so,tu
এড়ায়নি,এড়া,so,ae
এড়ায়নি,এড়ানো,so,ae
ওঁচাইনি,ওঁচানো,so,am
ওঁচাওনি,ওঁচানো,so,tm
ওঁচানোননি,ওঁচানো,so,ap
ওঁচানোসনি,ওঁচানো,so,tu
ওঁচানোয়নি,ওঁচানো,so,ae
ওখড়াইনি,ওখড়া,so,am
ওখড়াওনি,ওখড়া,so,tm
ওখড়াননি,ওখড়া,so,ap
ওখড়াসনি,ওখড়া,so,tu
ওখড়ায়নি,ওখড়া,so,ae
ওগরাইনি,ওগরা,so,am
ওগরাওনি,ওগরা,so,tm
ওগরাননি,ওগরা,so,ap
ওগরাসনি,ওগরা,so,tu
ওগরায়নি,ওগরা,so,ae
ওঠাইনি,ওঠানো,so,am
ওঠাওনি,ওঠানো,so,tm
ওঠাননি,ওঠানো,so,ap
ওঠাসনি,ওঠানো,so,tu
ওঠায়নি,ওঠানো,so,ae
ওঠেননি,ওঠা,so,ap
ওঠেনি,ওঠা,so,ae
ওঠোনি,ওঠা,so,tm
ওলটাইনি,ওলটানো,so,am
ওলটাওনি,ওলটানো,so,tm
ওলটাননি,ওলটানো,so,ap
ওলটাসনি,ওলটানো,so,tu
ওলটায়নি,ওলটানো,so,ae
ওল্টাইনি,ওল্টানো,so,am
ওল্টাওনি,ওল্টানো,so,tm
ওল্টাননি,ওল্টানো,so,ap
ওল্টাসনি,ওল্টানো,so,tu
ওল্টায়নি,ওল্টানো,so,ae
ওল্টিনি,ওল্টা,so,am
ওল্টিসনি,ওল্টা,so,tu
ওল্টেননি,ওল্টা,so,ap
ওল্টেনি,ওল্টা,so,ae
ওল্টোনি,ওল্টা,so,tm
ওড়াইনি,ওড়া,so,am
ওড়াইনি,ওড়ানো,so,am
ওড়াওনি,ওড়া,so,tm
ওড়াওনি,ওড়ানো,so,tm
ওড়াননি,ওড়া,so,ap
ওড়াননি,ওড়ানো,so,ap
ওড়াসনি,ওড়া,so,tu
ওড়াসনি,ওড়ানো,so,tu
ওড়ায়নি,ওড়া,so,ae
ওড়ায়নি,ওড়ানো,so,ae
কওয়াইনি,কওয়া,so,am
কওয়াওনি,কওয়া,so,tm
কওয়াননি,কওয়া,so,ap
কওয়াসনি,কওয়া,so,tu
কওয়ায়নি,কওয়া,so,ae
কচলাইনি,কচলানো,so,am
কচলাওনি,কচলানো,so,tm
কচলাননি,কচলানো,so,ap
কচলাসনি,কচলানো,so,tu
কচলায়নি,কচলানো,so,ae
করাইনি,করা,so,am
করাওনি,করা,so,tm
করাননি,করা,so,ap
করাসনি,করা,so,tu
করায়নি,করা,so,ae
করিনি,কর,so,am
করিসনি,কর,so,tu
করেননি,কর,so,ap
করেনি,কর,so,ae
করোনি,কর,so,tm
কশাইনি,কশানো,so,am
কশাওনি,কশানো,so,tm
কশাননি,কশানো,so,ap
কশাসনি,কশানো,so,tu
কশায়নি,কশানো,so,ae
কষাইনি,কষানো,so,am
কষাওনি,কষানো,so,tm
কষাননি,কষানো,so,ap
কষাসনি,কষানো,so,tu
কষায়নি,কষানো,so,ae
কসাইনি,কসা,so,am
কসাওনি,কসা,so,tm
কসাননি,কসা,so,ap
কসাসনি,কসা,so,tu
কসায়নি,কসা,so,ae
কাঁদাইনি,কাঁদানো,so,am
কাঁদাওনি,কাঁদানো,so,tm
কাঁদাননি,কাঁদানো,so,ap
কাঁদাসনি,কাঁদানো,so,tu
কাঁদায়নি,কাঁদানো,so,ae
কাঁদিনি,কাঁদা,so,am
কাঁদিসনি,কাঁদা,so,tu
কাঁদেননি,কাঁদা,so,ap
কাঁদেনি,কাঁদা,so,ae
কাঁদোনি,কাঁদা,so,tm
কাঁপাইনি,কাঁপানো,so,am
কাঁপাওনি,কাঁপানো,so,tm
কাঁপাননি,কাঁপানো,so,ap
কাঁপাসনি,কাঁপানো,so,tu
কাঁপায়নি,কাঁপানো,so,ae
কাঁপিনি,কাঁপা,so,am
কাঁপিসনি,কাঁপা,so,tu
কাঁপেননি,কাঁপা,so,ap
কাঁপেনি,কাঁপা,so,ae
কাঁপোনি,কাঁপা,so,tm
কাঁড়াইনি,কাঁড়া,so,am
কাঁড়াওনি,কাঁড়া,so,tm
কাঁড়াননি,কাঁড়া,so,ap
কাঁড়াসনি,কাঁড়া,so,tu
কাঁড়ায়নি,কাঁড়া,so,ae
কাচাইনি,কাচা,so,am
কাচাওনি,কাচা,so,tm
কাচাননি,কাচা,so,ap
কাচাসনি,কাচা,so,tu
কাচায়নি,কাচা,so,ae
কাটাইনি,কাটা,so,am
কাটাওনি,কাটা,so,tm
কাটাননি,কাটা,so,ap
কাটাসনি,কাটা,so,tu
কাটায়নি,কাটা,so,ae
কামাইনি,কামানো,so,am
কামাওনি,কামানো,so,tm
কামাননি,কামানো,so,ap
কামাসনি,কামানো,so,tu
কামায়নি,কামানো,so,ae
কামড়াইনি,কামড়ানো,so,am
কামড়াওনি,কামড়ানো,so,tm
কামড়াননি,কামড়ানো,so,ap
কামড়াসনি,কামড়ানো,so,tu
কামড়ায়নি,কামড়ানো,so,ae
কাশাইনি,কাশানো,so,am
কাশাওনি,কাশানো,so,tm
কাশাননি,কাশানো,so,ap
কাশাসনি,কাশানো,so,tu
কাশায়নি,কাশানো,so,ae
কাশিনি,কাশা,so,am
কাশিসনি,কাশা,so,tu
কাশেননি,কাশা,so,ap
কাশেনি,কাশা,so,ae
কাশোনি,কাশা,so,tm
কিনাইনি,কিনানো,so,am
কিনাওনি,কিনানো,so,tm
কিনাননি,কিনানো,so,ap
কিনাসনি,কিনানো,so,tu
কিনায়নি,কিনানো,so,ae
কিনিনি,কিনা,so,am
কিনিসনি,কিনা,so,tu
কিনেননি,কিনা,so,ap
কিনেনি,কিনা,so,ae
কিনোনি,কিনা,so,tm
কুঁকড়াইনি,কুঁকড়ানো,so,am
কুঁকড়াওনি,কুঁকড়ানো,so,tm
কুঁকড়াননি,কুঁকড়ানো,so,ap
কুঁকড়াসনি,কুঁকড়ানো,so,tu
কুঁকড়ায়নি,কুঁকড়ানো,so,ae
কুঁচকাইনি,কুঁচকানো,so,am
কুঁচকাওনি,কুঁচকানো,so,tm
কুঁচকাননি,কুঁচকানো,so,ap
কুঁচকাসনি,কুঁচকানো,so,tu
কুঁচকায়নি,কুঁচকানো,so,ae
কুচাইনি,কুচানো,so,am
কুচাওনি,কুচানো,so,tm
কুচাননি,কুচানো,so,ap
কুচাসনি,কুচানো,so,tu
কুচায়নি,কুচানো,so,ae
কুচিনি,কুচা,so,am
কুচিসনি,কুচা,so,tu
কুচেননি,কুচা,so,ap
কুচেনি,কুচা,so,ae
কুচোনি,কুচা,so,tm
কুরাইনি,কুরানো,so,am
কুরাওনি,কুরানো,so,tm
কুরাননি,কুরানো,so,ap
কুরাসনি,কুরানো,so,tu
কুরায়নি,কুরানো,so,ae
কুড়াইনি,কুড়ানো,so,am
কুড়াওনি,কুড়ানো,so,tm
কুড়াননি,কুড়ানো,so,ap
কুড়াসনি,কুড়ানো,so,tu
কুড়ায়নি,কুড়ানো,so,ae
কেনাইনি,কেনা,so,am
কেনাওনি,কেনা,so,tm
কেনাননি,কেনা,so,ap
কেনাসনি,কেনা,so,tu
কেনায়নি,কেনা,so,ae
কোটাইনি,কোটা,so,am
কোটাওনি,কোটা,so,tm
কোটাননি,কোটা,so,ap
কোটাসনি,কোটা,so,tu
কোটায়নি,কোটা,so,ae
কোপাইনি,কোপানো,so,am
কোপাওনি,কোপানো,so,tm
কোপাননি,কোপানো,so,ap
কোপাসনি,কোপানো,so,tu
কোপায়নি,কোপানো,so,ae
কড়কাইনি,কড়কানো,so,am
কড়কাওনি,কড়কানো,so,tm
কড়কাননি,কড়কানো,so,ap
কড়কাসনি,কড়কানো,so,tu
কড়কায়নি,কড়কানো,so,ae
কড়কিনি,কড়কা,so,am
কড়কিস,কড়কা,so,tu
কড়কেনি,কড়কা,so,ae
কড়কোননি,কড়কা,so,ap
কড়কোনি,কড়কা,so,tm
খণ্ডাইনি,খণ্ডানো,so,am
খণ্ডাওনি,খণ্ডানো,so,tm
খণ্ডাননি,খণ্ডানো,so,ap
খণ্ডাসনি,খণ্ডানো,so,tu
খণ্ডায়নি,খণ্ডানো,so,ae
খসাইনি,খসানো,so,am
খসাওনি,খসানো,so,tm
খসাননি,খসানো,so,ap
খসাসনি,খসানো,so,tu
খসায়নি,খসানো,so,ae
খসিনি,খসা,so,am
খসিসনি,খসা,so,tu
খসেননি,খসা,so,ap
খসেনি,খসা,so,ae
খসোনি,খসা,so,tm
খাওয়াইনি,খাওয়া,so,am
খাওয়াওনি,খাওয়া,so,tm
খাওয়াননি,খাওয়া,so,ap
খাওয়াসনি,খাওয়া,so,tu
খাওয়ায়নি,খাওয়া,so,ae
খাটাইনি,খাটানো,so,am
খাটাওনি,খাটানো,so,tm
খাটাননি,খাটানো,so,ap
খাটাসনি,খাটানো,so,tu
খাটায়নি,খাটানো,so,ae
খাটিনি,খাটা,so,am
খাটিসনি,খাটা,so,tu
খাটেননি,খাটা,so,ap
খাটেনি,খাটা,so,ae
খাটোনি,খাটা,so,tm
খামচাইনি,খামচানো,so,am
খামচাওনি,খামচানো,so,tm
খামচাননি,খামচানো,so,ap
খামচাসনি,খামচানো,so,tu
খামচায়নি,খামচানো,so,ae
খায়াইনি,খায়ানো,so,am
খায়াওনি,খায়ানো,so,tm
খায়াননি,খায়ানো,so,ap
খায়াসনি,খায়ানো,so,tu
খায়ায়নি,খায়ানো,so,ae
খিঁচাইনি,খিঁচানো,so,am
খিঁচাওনি,খিঁচানো,so,tm
খিঁচাননি,খিঁচানো,so,ap
খিঁচাসনি,খিঁচানো,so,tu
খিঁচায়নি,খিঁচানো,so,ae
খিচাইনি,খিচানো,so,am
খিচাওনি,খিচানো,so,tm
খিচাননি,খিচানো,so,ap
খিচাসনি,খিচানো,so,tu
খিচায়নি,খিচানো,so,ae
খিচিনি,খিচা,so,am
খিচিসনি,খিচা,so,tu
খিচেননি,খিচা,so,ap
খিচেনি,খিচা,so,ae
খিচোনি,খিচা,so,tm
খুঁজাইনি,খুঁজা,so,am
খুঁজাওনি,খুঁজা,so,tm
খুঁজাননি,খুঁজা,so,ap
খুঁজাসনি,খুঁজা,so,tu
খুঁজায়নি,খুঁজা,so,ae
খুঁজিনি,খোঁজা,so,am
খুঁজিসনি,খোঁজা,so,tu
খুঁটাইনি,খুঁটানো,so,am
খুঁটাওনি,খুঁটানো,so,tm
খুঁটাননি,খুঁটানো,so,ap
খুঁটাসনি,খুঁটানো,so,tu
খুঁটায়নি,খুঁটানো,so,ae
খুঁটিনি,খুঁটা,so,am
খুঁটিসিনি,খুঁটা,so,tu
খুঁটেননি,খুঁটা,so,ap
খুঁটেনি,খুঁটা,so,ae
খুঁটোনি,খুঁটা,so,tm
খুলাইনি,খুলানো,so,am
খুলাওনি,খুলানো,so,tm
খুলাননি,খুলানো,so,ap
খুলাসনি,খুলানো,so,tu
খুলায়নি,খুলানো,so,ae
খুলিনি,খুলা,so,am
খুলিনি,খোলা,so,am
খুলিসনি,খুলা,so,tu
খুলিসনি,খোলা,so,tu
খুলেননি,খুলা,so,ap
খুলেনি,খুলা,so,ae
খেঁচাইনি,খেঁচানো,so,am
খেঁচাওনি,খেঁচানো,so,tm
খেঁচাননি,খেঁচানো,so,ap
খেঁচাসনি,খেঁচানো,so,tu
খেঁচায়নি,খেঁচানো,so,ae
খেঁচিনি,খেঁচা,so,am
খেঁচিসনি,খেঁচা,so,tu
খেঁচেননি,খেঁচা,so,ap
খেঁচেনি,খেঁচা,so,ae
খেঁচোনি,খেঁচা,so,tm
খেদাইনি,খেদানো,so,am
খেদাওনি,খেদানো,so,tm
খেদাননি,খেদানো,so,ap
খেদাসনি,খেদানো,so,tu
খেদায়নি,খেদানো,so,ae
খেপাইনি,খেপানো,so,am
খেপাওনি,খেপানো,so,tm
খেপাননি,খেপা,so,ae
খেপাননি,খেপানো,so,ap
খেপাসনি,খেপানো,so,tu
খেপায়নি,খেপানো,so,ae
খেপিনি,খেপা,so,am
খেপিসনি,খেপা,so,tu
খেপেননি,খেপা,so,ap
খেপোনি,খেপা,so,tm
খেলাইনি,খেলানো,so,am
খেলাওনি,খেলানো,so,tm
খেলাননি,খেলানো,so,ap
খেলাসনি,খেলানো,so,tu
খেলায়নি,খেলানো,so,ae
খেলিনি,খেলা,so,am
খেলিসনি,খেলা,so,tu
খেলেননি,খেলা,so,ap
খেলেনি,খেলা,so,ae
খেলোনি,খেলা,so,tm
খোঁজাইনি,খোঁজানো,so,am
খোঁজাওনি,খোঁজানো,so,tm
খোঁজাননি,খোঁজানো,so,ap
খোঁজাসনি,খোঁজানো,so,tu
খোঁজায়নি,খোঁজানো,so,ae
খোঁজেননি,খোঁজা,so,ap
খোঁজেনি,খোঁজা,so,ae
খোঁজোনি,খোঁজা,so,tm
খোলেননি,খোলা,so,ap
খোলেনি,খোলা,so,ae
খোলোনি,খুলা,so,tm
খোলোনি,খোলা,so,tm
গছাইনি,গছানো,so,am
গছাওনি,গছানো,so,tm
গছাননি,গছানো,so,ap
গছাসনি,গছানো,so,tu
গছায়নি,গছানো,so,ae
গজাইনি,গজানো,so,am
গজাওনি,গজানো,so,tm
গজাননি,গজানো,so,ap
গজাসনি,গজানো,so,tu
গজায়নি,গজানো,so,ae
গজিনি,গজা,so,am
গজিসনি,গজা,so,tu
গজেননি,গজা,so,ap
গজেনি,গজা,so,ae
গজোনি,গজা,so,tm
গলাইনি,গলানো,so,am
গলাওনি,গলানো,so,tm
গলাননি,গলানো,so,ap
গলাসনি,গলানো,so,tu
গলায়নি,গলানো,so,ae
গাওয়াইনি,গাওয়া,so,am
গাওয়াওনি,গাওয়া,so,tm
গাওয়াননি,গাওয়া,so,ap
গাওয়াসনি,গাওয়া,so,tu
গাওয়ায়নি,গাওয়া,so,ae
গাঙাওনি,গাঙানো,so,tm
গাঙাননি,গাঙানো,so,ap
গাঙানো,গাঙানো,so,am
গাঙাসনি,গাঙানো,so,tu
গাঙায়নি,গাঙানো,so,ae
গাছাওনি,গাছানো,so,tm
গাছাননি,গাছানো,so,ap
গাছানো,গাছানো,so,am
গাছাসনি,গাছানো,so,tu
গাছায়নি,গাছানো,so,ae
গাটাওনি,গাটানো,so,tm
গাটাননি,গাটানো,so,ap
গাটানো,গাটানো,so,am
গাটাসনি,গাটানো,so,tu
গাটায়নি,গাটানো,so,ae
গানাইনি,গানানো,so,am
গানাওনি,গানানো,so,tm
গানাননি,গানানো,so,ap
গানাসনি,গানানো,so,tu
গানায়নি,গানানো,so,ae
গানিসনি,গানা,so,tu
গানেননি,গানা,so,ap
গানেনি,গানা,so,ae
গানোনি,গানা,so,tm
গাড়াইনি,গাড়ানো,so,am
গাড়াওনি,গাড়ানো,so,tm
গাড়াননি,গাড়ানো,so,ap
গাড়াসনি,গাড়ানো,so,tu
গাড়ায়নি,গাড়ানো,so,ae
গাড়িনি,গাড়া,so,am
গাড়িসনি,গাড়া,so,tu
গাড়েননি,গাড়া,so,ap
গাড়েনি,গাড়া,so,ae
গাড়োনি,গাড়া,so,tm
গুঁজিনি,গুঁজা,so,am
গুঁজেনি,গুঁজা,so,ae
গুঁজোননি,গুঁজা,so,ap
গুঁজোনি,গুঁজা,so,tm
গুঁজোসনি,গুঁজা,so,tu
গুঁতাইনি,গুঁতানো,so,am
গুঁতাওনি,গুঁতানো,so,tm
গুঁতাননি,গুঁতানো,so,ap
গুঁতাসনি,গুঁতানো,so,tu
গুঁতায়নি,গুঁতানো,so,ae
গুঁতেননি,গুঁতা,so,ap
গুঁতেনি,গুঁতা,so,ae
গুঁড়াইনি,গুঁড়ানো,so,am
গুঁড়াওনি,গুঁড়ানো,so,tm
গুঁড়াননি,গুঁড়ানো,so,ap
গুঁড়াসনি,গুঁড়ানো,so,tu
গুঁড়ায়নি,গুঁড়ানো,so,ae
গুঙাইনি,গুঙানো,so,am
গুঙাওনি,গুঙানো,so,tm
গুঙাননি,গুঙানো,so,ap
গুঙাসনি,গুঙানো,so,tu
গুঙায়নি,গুঙানো,so,ae
গুঙেননি,গুঙা,so,ap
গুছাইনি,গুছানো,so,am
গুছাওনি,গুছানো,so,tm
গুছাননি,গুছানো,so,ap
গুছাসনি,গুছানো,so,tu
গুছায়নি,গুছানো,so,ae
গুটাইনি,গুটানো,so,am
গুটাওনি,গুটানো,so,tm
গুটাননি,গুটানো,so,ap
গুটাসনি,গুটানো,so,tu
গুটায়নি,গুটানো,so,ae
গুতোসনি,গুঁতা,so,tu
গুনাইনি,গুনানো,so,am
গুনাওনি,গুনানো,so,tm
গুনাননি,গুনানো,so,ap
গুনাসনি,গুনানো,so,tu
গুনায়নি,গুনানো,so,ae
গুনিনি,গানা,so,am
গুলাইনি,গুলানো,so,am
গুলাওনি,গুলানো,so,tm
গুলাননি,গুলানো,so,ap
গুলাসনি,গুলানো,so,tu
গুলায়নি,গুলানো,so,ae
গেলাইনি,গেলানো,so,am
গেলাওনি,গেলানো,so,tm
গেলাননি,গেলানো,so,ap
গেলাসনি,গেলানো,so,tu
গেলায়নি,গেলানো,so,ae
গড়াইনি,গড়ানো,so,am
গড়াওনি,গড়ানো,so,tm
গড়াননি,গড়ানো,so,ap
গড়াসনি,গড়ানো,so,tu
গড়ায়নি,গড়ানো,so,ae
গড়িনি,গড়া,so,am
গড়িসনি,গড়া,so,tu
গড়েননি,গড়া,so,ap
গড়েনি,গড়া,so,ae
গড়োনি,গড়া,so,tm
ঘটাইনি,ঘটানো,so,am
ঘটাওনি,ঘটানো,so,tm
ঘটাননি,ঘটানো,so,ap
ঘটাসনি,ঘটানো,so,tu
ঘটায়নি,ঘটানো,so,ae
ঘনাইনি,ঘনানো,so,am
ঘনাওনি,ঘনানো,so,tm
ঘনাননি,ঘনানো,so,ap
ঘনাসনি,ঘনানো,so,tu
ঘনায়নি,ঘনানো,so,ae
ঘবড়াইনি,ঘবড়া,so,am
ঘবড়াওনি,ঘবড়া,so,tm
ঘবড়াননি,ঘবড়া,so,ap
ঘবড়াসনি,ঘবড়া,so,tu
ঘবড়ায়নি,ঘবড়া,so,ae
ঘষাইনি,ঘষানো,so,am
ঘষাওনি,ঘষানো,so,tm
ঘষাননি,ঘষানো,so,ap
ঘষাসনি,ঘষানো,so,tu
ঘষায়নি,ঘষানো,so,ae
ঘষিনি,ঘষা,so,am
ঘষিসনি,ঘষা,so,tu
ঘষেননি,ঘষা,so,ap
ঘষেনি,ঘষা,so,ae
ঘষোনি,ঘষা,so,tm
ঘাঁটিনি,ঘাঁটা,so,am
ঘাঁটেননি,ঘাঁটা,so,ap
ঘাঁটেনি,ঘাঁটা,so,ae
ঘাঁটো,ঘাঁটা,so,tm
ঘাঁটোনি,ঘাঁটা,so,tu
ঘাবননি,ঘাবড়ানো,so,ap
ঘাবড়াইনি,ঘাবড়ানো,so,am
ঘাবড়াওনি,ঘাবড়ানো,so,tm
ঘাবড়াসনি,ঘাবড়ানো,so,tu
ঘাবড়ায়নি,ঘাবড়ানো,so,ae
ঘারাইনি,ঘারানো,so,am
ঘারাওনি,ঘারানো,so,tm
ঘারাননি,ঘারানো,so,ap
ঘারাসনি,ঘারানো,so,tu
ঘারায়নি,ঘারানো,so,ae
ঘারেননি,ঘারা,so,ap
ঘারেনি,ঘারা,so,ae
ঘারোনি,ঘারা,so,tm
ঘালাইনি,ঘালানো,so,am
ঘালাওনি,ঘালানো,so,tm
ঘালাননি,ঘালানো,so,ap
ঘালাসনি,ঘালানো,so,tu
ঘালায়নি,ঘালানো,so,ae
ঘিরাইনি,ঘিরানো,so,am
ঘিরাওনি,ঘিরানো,so,tm
ঘিরাননি,ঘিরানো,so,ap
ঘিরাসনি,ঘিরানো,so,tu
ঘিরায়নি,ঘিরানো,so,ae
ঘিরিনি,ঘিরা,so,am
ঘিরিসনি,ঘিরা,so,tu
ঘিরেনি,ঘিরা,so,ae
ঘুচাইনি,ঘুচানো,so,am
ঘুচাওনি,ঘুচানো,so,tm
ঘুচাননি,ঘুচানো,so,ap
ঘুচাসনি,ঘুচানো,so,tu
ঘুচায়নি,ঘুচানো,so,ae
ঘুটাইনি,ঘুটানো,so,am
ঘুটাওনি,ঘুটানো,so,tm
ঘুটাননি,ঘুটানো,so,ap
ঘুটাসনি,ঘুটানো,so,tu
ঘুটায়নি,ঘুটানো,so,ae
ঘুটিনি,ঘুটা,so,am
ঘুটিসনি,ঘুটা,so,tu
ঘুটেননি,ঘুটা,so,ap
ঘুটেনি,ঘুটা,so,ae
ঘুটোনি,ঘুটা,so,tm
ঘুমাইনি,ঘুমানো,so,am
ঘুমাওনি,ঘুমানো,so,tm
ঘুমাননি,ঘুমানো,so,ap
ঘুমাসনি,ঘুমানো,so,tu
ঘুমায়নি,ঘুমানো,so,ae
ঘুরাইনি,ঘুরানো,so,am
ঘুরাওনি,ঘুরানো,so,tm
ঘুরাননি,ঘুরানো,so,ap
ঘুরাসনি,ঘুরানো,so,tu
ঘুরায়নি,ঘুরানো,so,ae
ঘুরিনি,ঘারা,so,am
ঘুরিনি,ঘুরা,so,am
ঘুরিসনি,ঘারা,so,tu
ঘুরিসনি,ঘুরা,so,tu
ঘুলাইনি,ঘুলা,so,am
ঘুলাইনি,ঘুলানো,so,am
ঘুলাওনি,ঘুলানো,so,tm
ঘুলাননি,ঘুলানো,so,ap
ঘুলাসনি,ঘুলানো,so,tu
ঘুলায়নি,ঘুলানো,so,ae
ঘুলিসনি,ঘুলা,so,tu
ঘুলেননি,ঘুলা,so,ap
ঘুলেনি,ঘুলা,so,ae
ঘুলোনি,ঘুলা,so,tm
ঘুষাইনি,ঘুষানো,so,am
ঘুষাওনি,ঘুষানো,so,tm
ঘুষাননি,ঘুষানো,so,ap
ঘুষাসনি,ঘুষানো,so,tu
ঘুষায়নি,ঘুষানো,so,ae
ঘুষোননি,ঘুষা,so,ap
ঘেরাইনি,ঘেরানো,so,am
ঘেরাওনি,ঘেরানো,so,tm
ঘেরাননি,ঘেরানো,so,ap
ঘেরাসনি,ঘেরানো,so,tu
ঘেরায়নি,ঘেরানো,so,ae
ঘেরিনি,ঘেরা,so,am
ঘেরিসনি,ঘেরা,so,tu
ঘেরেননি,ঘিরা,so,ap
ঘেরেননি,ঘেরা,so,ap
ঘেরেনি,ঘেরা,so,ae
ঘেরোনি,ঘিরা,so,tm
ঘেরোনি,ঘেরা,so,tm
ঘেষাইনি,ঘেষানো,so,am
ঘেষাওনি,ঘেষানো,so,tm
ঘেষাননি,ঘেষানো,so,ap
ঘেষাসনি,ঘেষানো,so,tu
ঘেষায়নি,ঘেষানো,so,ae
ঘেষিনি,ঘেষা,so,am
ঘেষিসনি,ঘেষা,so,tu
ঘেষেননি,ঘেষা,so,ap
ঘেষেনি,ঘেষা,so,ae
ঘেষোনি,ঘেষা,so,tm
ঘোরেননি,ঘুরা,so,ap
ঘোরেনি,ঘুরা,so,ae
ঘোরোনি,ঘুরা,so,tm
ঘ্যাঙাইনি,ঘ্যাঙানো,so,am
ঘ্যাঙাওনি,ঘ্যাঙানো,so,tm
ঘ্যাঙাননি,ঘ্যাঙানো,so,ap
ঘ্যাঙাসনি,ঘ্যাঙানো,so,tu
ঘ্যাঙায়নি,ঘ্যাঙানো,so,ae
চটকাইনি,চটকানো,so,am
চটকাওনি,চটকানো,so,tm
চটকাননি,চটকানো,so,ap
চটকাসনি,চটকানো,so,tu
চটকায়নি,চটকানো,so,ae
চটাইনি,চটানো,so,am
চটাওনি,চটানো,so,tm
চটাননি,চটানো,so,ap
চটাসনি,চটানো,so,tu
চটায়নি,চটানো,so,ae
চটিনি,চটা,so,am
চটিসনি,চটা,so,tu
চটেননি,চটা,so,ap
চটেনি,চটা,so,ae
চটোনি,চটা,so,tm
চমকাইনি,চমকানো,so,am
চমকাওনি,চমকানো,so,tm
চমকাননি,চমকানো,so,ap
চমকাসনি,চমকানো,so,tu
চমকায়নি,চমকানো,so,ae
চরাইনি,চরানো,so,am
চরাওনি,চরানো,so,tm
চরাননি,চরানো,so,ap
চরাসনি,চরানো,so,tu
চরায়নি,চরানো,so,ae
চরিনি,চরা,so,am
চরিসনি,চরা,so,tu
চরেননি,চরা,so,ap
চরেনি,চরা,so,ae
চরোনি,চরা,so,tm
চলাইনি,চলানো,so,am
চলাওনি,চলানো,so,tm
চলাননি,চলানো,so,ap
চলাসনি,চলানো,so,tu
চলায়নি,চলানো,so,ae
চষাইনি,চষানো,so,am
চষাওনি,চষানো,so,tm
চষাননি,চষানো,so,ap
চষাসনি,চষানো,so,tu
চষায়নি,চষানো,so,ae
চষিনি,চষা,so,am
চষিসনি,চষা,so,tu
চষেননি,চষা,so,ap
চষেনি,চষা,so,ae
চষোনি,চষা,so,tm
চাঁছাইনি,চাঁছানো,so,am
চাঁছাওনি,চাঁছানো,so,tm
চাঁছাননি,চাঁছানো,so,ap
চাঁছাসনি,চাঁছানো,so,tu
চাঁছায়নি,চাঁছানো,so,ae
চাঁছিনি,চাঁছা,so,am
চাঁছিসনি,চাঁছা,so,tu
চাঁছেননি,চাঁছা,so,ap
চাঁছেনি,চাঁছা,so,ae
চাঁছোনি,চাঁছা,so,tm
চাইনি,চাওয়া,so,am
চাওনি,চাওয়া,so,tm
চাওয়াইনি,চাওয়ানো,so,am
চাওয়াওনি,চাওয়ানো,so,tm
চাওয়াননি,চাওয়ানো,so,ap
চাওয়াসনি,চাওয়ানো,so,tu
চাওয়ায়নি,চাওয়ানো,so,ae
চাটাইনি,চাটানো,so,am
চাটাওনি,চাটানো,so,tm
চাটাননি,চাটানো,so,ap
চাটাসনি,চাটানো,so,tu
চাটায়নি,চাটানো,so,ae
চাটিনি,চাটা,so,am
চাটিসনি,চাটা,so,tu
চাটেননি,চাটা,so,ap
চাটেনি,চাটা,so,ae
চাটোনি,চাটা,so,tm
চাননি,চাওয়া,so,ap
চাপাইনি,চাপানো,so,am
চাপাওনি,চাপানো,so,tm
চাপাননি,চাপানো,so,ap
চাপাসনি,চাপানো,so,tu
চাপায়নি,চাপানো,so,ae
চাপিনি,চাপা,so,am
চাপিসনি,চাপা,so,tu
চাপেননি,চাপা,so,ap
চাপেনি,চাপা,so,ae
চাপোনি,চাপা,so,tm
চাপড়াইনি,চাপড়ানো,so,am
চাপড়াওনি,চাপড়ানো,so,tm
চাপড়াননি,চাপড়ানো,so,ap
চাপড়াসনি,চাপড়ানো,so,tu
চাপড়ায়নি,চাপড়ানো,so,ae
চাপড়িনি,চাপড়া,so,am
চাপড়িসনি,চাপড়া,so,tu
চাপড়েননি,চাপড়া,so,ap
চাপড়েনি,চাপড়া,so,ae
চাপড়োনি,চাপড়া,so,tm
চাবকাইনি,চাবকানো,so,am
চাবকাওনি,চাবকানো,so,tm
চাবকাননি,চাবকানো,so,ap
চাবকাসনি,চাবকানো,so,tu
চাবকায়নি,চাবকানো,so,ae
চাবকিনি,চাবকা,so,am
চাবকিসনি,চাবকা,so,tu
চাবকেননি,চাবকা,so,ap
চাবকেনি,চাবকা,so,ae
চাবকোনি,চাবকা,so,tm
চালাইনি,চালানো,so,am
চালাওনি,চালানো,so,tm
চালাননি,চালানো,so,ap
চালাসনি,চালানো,so,tu
চালায়নি,চালানো,so,ae
চাসনি,চাওয়া,so,tu
চায়নি,চাওয়া,so,ae
চিবাইনি,চিবানো,so,am
চিবাওনি,চিবানো,so,tm
চিবাননি,চিবানো,so,ap
চিবাসনি,চিবানো,so,tu
চিবায়নি,চিবানো,so,ae
চুবাইনি,চুবানো,so,am
চুবাওনি,চুবানো,so,tm
চুবাননি,চুবানো,so,ap
চুবাসনি,চুবানো,so,tu
চুবায়নি,চুবানো,so,ae
চুবিনি,চুবা,so,am
চুবিসনি,চুবা,so,tu
চুবেননি,চুবা,so,ap
চুবেনি,চুবা,so,ae
চুবোনি,চুবা,so,tm
চেঁচাইনি,চেঁচানো,so,am
চেঁচাওনি,চেঁচানো,so,tm
চেঁচাননি,চেঁচানো,so,ap
চেঁচাসনি,চেঁচানো,so,tu
চেঁচায়নি,চেঁচানো,so,ae
চেনাইনি,চেনানো,so,am
চেনাওনি,চেনানো,so,tm
চেনাননি,চেনানো,so,ap
চেনানেনি,চেনানো,so,ae
চেনাসনি,চেনানো,so,tu
চেনিনি,চেনা,so,am
চেনিসনি,চেনা,so,tu
চেনেননি,চেনা,so,ap
চেনেনি,চেনা,so,ae
চেনোনি,চেনা,so,tm
চড়াইনি,চড়ানো,so,am
চড়াওনি,চড়ানো,so,tm
চড়াননি,চড়ানো,so,ap
চড়াসনি,চড়ানো,so,tu
চড়ায়নি,চড়ানো,so,ae
চড়িনি,চড়া,so,am
চড়িসনি,চড়া,so,tu
চড়েননি,চড়া,so,ap
চড়েনি,চড়া,so,ae
চড়োনি,চড়া,so,tm
ছটকাইনি,ছটকানো,so,am
ছটকাওনি,ছটকানো,so,tm
ছটকাননি,ছটকানো,so,ap
ছটকাসনি,ছটকানো,so,tu
ছটকায়নি,ছটকানো,so,ae
ছটকিনি,ছটকা,so,am
ছটকিসনি,ছটকা,so,tu
ছটকেননি,ছটকা,so,ap
ছটকেনি,ছটকা,so,ae
ছটকোনি,ছটকা,so,tm
ছযাঁচড়াইনি,ছযাঁচড়ানো,so,am
ছযাঁচড়াওনি,ছযাঁচড়ানো,so,tm
ছযাঁচড়ানো,ছযাঁচড়ানো,so,ae
ছযাঁচড়ানো,ছযাঁচড়ানো,so,ap
ছযাঁচড়াসনি,ছযাঁচড়ানো,so,tu
ছাঁটাইনি,ছাঁটানো,so,am
ছাঁটাওনি,ছাঁটানো,so,tm
ছাঁটাননি,ছাঁটানো,so,ap
ছাঁটাসনি,ছাঁটানো,so,tu
ছাঁটায়নি,ছাঁটানো,so,ae
ছাঁটিনি,ছাঁটা,so,am
ছাঁটিসনি,ছাঁটা,so,tu
ছাঁটেননি,ছাঁটা,so,ap
ছাঁটেনি,ছাঁটা,so,ae
ছাঁটোনি,ছাঁটা,so,tm
ছাকাইনি,ছাকানো,so,am
ছাকাওনি,ছাকানো,so,tm
ছাকাননি,ছাকানো,so,ap
ছাকাসনি,ছাকানো,so,tu
ছাকায়নি,ছাকানো,so,ae
ছাকিনি,ছাকা,so,am
ছাকিসনি,ছাকা,so,tu
ছাকেননি,ছাকা,so,ap
ছাকেনি,ছাকা,so,ae
ছাকোনি,ছাকা,so,tm
ছাটাইনি,ছাটানো,so,am
ছাটাওনি,ছাটানো,so,tm
ছাটাননি,ছাটানো,so,ap
ছাটাসনি,ছাটানো,so,tu
ছাটায়নি,ছাটানো,so,ae
ছাটেননি,ছাটা,so,ap
ছাটেনি,ছাটা,so,ae
ছাটোনি,ছাটা,so,tm
ছাপাইনি,ছাপানো,so,am
ছাপাওনি,ছাপানো,so,tm
ছাপাননি,ছাপানো,so,ap
ছাপাসনি,ছাপানো,so,tu
ছাপায়নি,ছাপানো,so,ae
ছাপিনি,ছাপা,so,am
ছাপিসনি,ছাপা,so,tu
ছাপেননি,ছাপা,so,ap
ছাপেনি,ছাপা,so,ae
ছাপোনি,ছাপা,so,tm
ছাড়াইনি,ছাড়ানো,so,am
ছাড়াওনি,ছাড়ানো,so,tm
ছাড়াননি,ছাড়ানো,so,ap
ছাড়াসনি,ছাড়ানো,so,tu
ছাড়ায়নি,ছাড়ানো,so,ae
ছাড়িনি,ছাড়া,so,am
ছাড়িসনি,ছাড়া,so,tu
ছাড়েননি,ছাড়া,so,ap
ছাড়েনি,ছাড়া,so,ae
ছাড়োনি,ছাড়া,so,tm
ছিঁড়িনি,ছেঁড়া,so,am
ছিঁড়িসনি,ছেঁড়া,so,tu
ছিটাইনি,ছিটানো,so,am
ছিটাওনি,ছিটানো,so,tm
ছিটাননি,ছিটানো,so,ap
ছিটাসনি,ছিটানো,so,tu
ছিটায়নি,ছিটানো,so,ae
ছিটিনি,ছিটা,so,am
ছিটিসনি,ছিটা,so,tu
ছিটেননি,ছিটা,so,ap
ছিটেনি,ছিটা,so,ae
ছিটোনি,ছিটা,so,tm
ছিড়াইনি,ছিড়ানো,so,am
ছিড়াওনি,ছিড়ানো,so,tm
ছিড়াননি,ছিড়ানো,so,ap
ছিড়াসনি,ছিড়ানো,so,tu
ছিড়ায়নি,ছিড়ানো,so,ae
ছিড়িনি,ছিড়া,so,am
ছিড়িসনি,ছিড়া,so,tu
ছিড়েননি,ছিড়া,so,ap
ছিড়েনি,ছিড়া,so,ae
ছিড়োনি,ছিড়া,so,tm
ছুঁইনি,ছোঁয়া,so,am
ছুঁসনি,ছোঁয়া,so,tu
ছুইনি,ছোওয়া,so,am
ছুটাইনি,ছুটানো,so,am
ছুটাওনি,ছুটানো,so,tm
ছুটাননি,ছুটানো,so,ap
ছুটাসনি,ছুটানো,so,tu
ছুটায়নি,ছুটানো,so,ae
ছুটিনি,ছাটা,so,am
ছুটিনি,ছুটা,so,am
ছুটিসনি,ছাটা,so,tu
ছুটিসনি,ছুটা,so,tu
ছুটেননি,ছুটা,so,ap
ছুটেনি,ছুটা,so,ae
ছুটোনি,ছুটা,so,tm
ছুসনি,ছোওয়া,so,tu
ছুড়িনি,ছুড়া,so,am
ছুড়িসনি,ছুড়া,so,tu
ছুড়েননি,ছুড়া,so,ap
ছুড়েনি,ছুড়া,so,ae
ছুড়োনি,ছুড়া,so,tm
ছেঁকাইনি,ছেঁকানো,so,am
ছেঁকাওনি,ছেঁকানো,so,tm
ছেঁকাননি,ছেঁকানো,so,ap
ছেঁকাসনি,ছেঁকানো,so,tu
ছেঁকায়নি,ছেঁকানো,so,ae
ছেঁকিনি,ছেঁকা,so,am
ছেঁকিসনি,ছেঁকা,so,tu
ছেঁকেননি,ছেঁকা,so,ap
ছেঁকেনি,ছেঁকা,so,ae
ছেঁকোনি,ছেঁকা,so,tm
ছেঁড়াইনি,ছেঁড়ানো,so,am
ছেঁড়াওনি,ছেঁড়ানো,so,tm
ছেঁড়াননি,ছেঁড়ানো,so,ap
ছেঁড়াসনি,ছেঁড়ানো,so,tu
ছেঁড়ায়নি,ছেঁড়ানো,so,ae
ছেঁড়েননি,ছেঁড়া,so,ap
ছেঁড়েনি,ছেঁড়া,so,ae
ছেঁড়োনি,ছেঁড়া,so,tm
ছোঁওনি,ছোঁয়া,so,tm
ছোঁননি,ছোঁয়া,so,ap
ছোঁয়নি,ছোঁয়া,so,ae
ছোঁয়াইনি,ছোঁয়নো,so,am
ছোঁয়াওনি,ছোঁয়নো,so,tm
ছোঁয়াননি,ছোঁয়নো,so,ap
ছোঁয়াসনি,ছোঁয়নো,so,tu
ছোঁয়ায়নি,ছোঁয়নো,so,ae
ছোওনি,ছোওয়া,so,tm
ছোওয়াইনি,ছোওয়ানো,so,am
ছোওয়াওনি,ছোওয়ানো,so,tm
ছোওয়াননি,ছোওয়ানো,so,ap
ছোওয়াসনি,ছোওয়ানো,so,tu
ছোওয়ায়নি,ছোওয়ানো,so,ae
ছোননি,ছোওয়া,so,ap
ছোয়নি,ছোওয়া,so,ae
ছড়াইনি,ছড়ানো,so,am
ছড়াওনি,ছড়ানো,so,tm
ছড়াননি,ছড়ানো,so,ap
ছড়াসনি,ছড়ানো,so,tu
ছড়ায়নি,ছড়ানো,so,ae
জপিনি,জপা,so,am
জপিসনি,জপা,so,tu
জপেননি,জপা,so,ap
জপেনি,জপা,so,ae
জপোনি,জপা,so,tm
জমাইনি,জমানো,so,am
জমাওনি,জমানো,so,tm
জমাননি,জমানো,so,ap
জমানো,জমানো,so,ae
জমাসনি,জমানো,so,tu
জাগাইনি,জাগানো,so,am
জাগাওনি,জাগানো,so,tm
জাগাননি,জাগানো,so,ap
জাগাসনি,জাগানো,so,tu
জাগায়নি,জাগানো,so,ae
জাগিনি,জাগা,so,am
জাগিসনি,জাগা,so,tu
জাগেননি,জাগা,so,ap
জাগেনি,জাগা,so,ae
জাগোনি,জাগা,so,tm
জানাইনি,জানানো,so,am
জানাওনি,জানানো,so,tm
জানাননি,জানানো,so,ap
জানাসনি,জানানো,so,tu
জানায়নি,জানানো,so,ae
জানিনি,জানা,so,am
জানিসনি,জানা,so,tu
জানেননি,জানা,so,ap
জানেনি,জানা,so,ae
জানোনি,জানা,so,tm
জালাইনি,জালানো,so,am
জালাওনি,জালানো,so,tm
জালাননি,জালা,so,ap
জালাননি,জালানো,so,ap
জালাসনি,জালানো,so,tu
জালায়নি,জালানো,so,ae
জালিনি,জালা,so,am
জালিসনি,জালা,so,tu
জালেনি,জালা,so,ae
জালোনি,জালা,so,tm
জিতাইনি,জিতানো,so,am
জিতাওনি,জিতানো,so,tm
জিতাননি,জিতানো,so,ap
জিতাসনি,জিতানো,so,tu
জিতায়নি,জিতানো,so,ae
জিতিনি,জিতা,so,am
জিতিসনি,জিতা,so,tu
জিতিসনি,জেতা,so,tu
জিতেননি,জিতা,so,ap
জিতেনি,জিতা,so,ae
জিতোনি,জিতা,so,tm
জিরাইনি,জিরানো,so,am
জিরাওনি,জিরানো,so,tm
জিরাননি,জিরানো,so,ap
জিরাসনি,জিরানো,so,tu
জিরায়নি,জিরানো,so,ae
জুটাইনি,জুটানো,so,am
জুটাওনি,জুটানো,so,tm
জুটাননি,জুটানো,so,ap
জুটাসনি,জুটানো,so,tu
জুটায়নি,জুটানো,so,ae
জুটিনি,জুটা,so,am
জুটিসনি,জুটা,so,tu
জুটেননি,জুটা,so,ap
জুটেনি,জুটা,so,ae
জুটোনি,জুটা,so,tm
জুড়াইনি,জুড়ানো,so,am
জুড়াওনি,জুড়ানো,so,tm
জুড়াননি,জুড়ানো,so,ap
জুড়াসনি,জুড়ানো,so,tu
জুড়ায়নি,জুড়ানো,so,ae
জুড়িনি,জুড়া,so,am
জুড়িসনি,জুড়া,so,tu
জুড়েননি,জুড়া,so,ap
জুড়েনি,জুড়া,so,ae
জুড়োনি,জুড়া,so,tm
জেতাইনি,জেতানো,so,am
জেতাওনি,জেতানো,so,tm
জেতাননি,জেতানো,so,ap
জেতাসনি,জেতানো,so,tu
জেতায়নি,জেতানো,so,ae
জেতিনি,জেতা,so,am
জেতেননি,জেতা,so,ap
জেতেনি,জেতা,so,ae
জেতোনি,জেতা,so,tm
জোগাইনি,জোগানো,so,am
জোগাওনি,জোগানো,so,tm
জোগাননি,জোগানো,so,ap
জোগাসনি,জোগানো,so,tu
জোগায়নি,জোগানো,so,ae
জোটাইনি,জোটানো,so,am
জোটাওনি,জোটানো,so,tm
জোটাননি,জোটানো,so,ap
জোটাসনি,জোটানো,so,tu
জোটায়নি,জোটানো,so,ae
জোটেনি,জোটা,so,ae
জোড়াইনি,জোড়া,so,am
জোড়াওনি,জোড়া,so,tm
জোড়াননি,জোড়া,so,ap
জোড়াসনি,জোড়া,so,tu
জোড়ায়নি,জোড়া,so,ae
জ্বালাইনি,জ্বালানো,so,am
জ্বালাওনি,জ্বালানো,so,tm
জ্বালাননি,জ্বালানো,so,ap
জ্বালাসনি,জ্বালানো,so,tu
জ্বালায়নি,জ্বালানো,so,ae
জ্বালিনি,জ্বালা,so,am
জ্বালিসনি,জ্বালা,so,tu
জ্বালেননি,জ্বালা,so,ap
জ্বালেনি,জ্বালা,so,ae
জ্বালোনি,জ্বালা,so,tm
জড়াইনি,জড়ানো,so,am
জড়াওনি,জড়ানো,so,tm
জড়াননি,জড়ানো,so,ap
জড়ানো,জড়ানো,so,ae
জড়ানো,জড়ানো,so,ap
জড়াসনি,জড়ানো,so,tu
জড়ায়নি,জড়ানো,so,ae
ঝরাইনি,ঝরানো,so,am
ঝরাওনি,ঝরানো,so,tm
ঝরাননি,ঝরানো,so,ap
ঝরাসনি,ঝরানো,so,tu
ঝরায়নি,ঝরানো,so,ae
ঝরিনি,ঝরা,so,am
ঝরিসনি,ঝরা,so,tu
ঝরেননি,ঝরা,so,ap
ঝরেনি,ঝরা,so,ae
ঝরোনি,ঝরা,so,tm
ঝাঁপাইনি,ঝাঁপানো,so,am
ঝাঁপাওনি,ঝাঁপানো,so,tm
ঝাঁপাননি,ঝাঁপানো,so,ap
ঝাঁপাসনি,ঝাঁপানো,so,tu
ঝাঁপায়নি,ঝাঁপানো,so,ae
ঝালাইনি,ঝালানো,so,am
ঝালাওনি,ঝালানো,so,tm
ঝালাননি,ঝালানো,so,ap
ঝালাসনি,ঝালানো,so,tu
ঝালায়নি,ঝালানো,so,ae
ঝালিনি,ঝালা,so,am
ঝালিসনি,ঝালা,so,tu
ঝালেননি,ঝালা,so,ap
ঝালেনি,ঝালা,so,ae
ঝালোনি,ঝালা,so,tm
ঝাড়াইনি,ঝাড়ানো,so,am
ঝাড়াওনি,ঝাড়ানো,so,tm
ঝাড়াননি,ঝাড়ানো,so,ap
ঝাড়াসনি,ঝাড়ানো,so,tu
ঝাড়ায়নি,ঝাড়ানো,so,ae
ঝাড়িনি,ঝাড়া,so,am
ঝাড়িসনি,ঝাড়া,so,tu
ঝাড়েননি,ঝাড়া,so,ap
ঝাড়েনি,ঝাড়া,so,ae
ঝাড়োনি,ঝাড়া,so,tm
ঝিমাইনি,ঝিমানো,so,am
ঝিমাওনি,ঝিমানো,so,tm
ঝিমাননি,ঝিমানো,so,ap
ঝিমাসনি,ঝিমানো,so,tu
ঝিমায়নি,ঝিমানো,so,ae
ঝুঁড়াইনি,ঝুঁড়ানো,so,am
ঝুঁড়াওনি,ঝুঁড়ানো,so,tm
ঝুঁড়াননি,ঝুঁড়ানো,so,ap
ঝুঁড়াসনি,ঝুঁড়ানো,so,tu
ঝুঁড়ায়নি,ঝুঁড়ানো,so,ae
ঝুলাইনি,ঝুলানো,so,am
ঝুলাওনি,ঝুলানো,so,tm
ঝুলাননি,ঝুলানো,so,ap
ঝুলাসনি,ঝুলানো,so,tu
ঝুলায়নি,ঝুলানো,so,ae
ঝুলিনি,ঝুলা,so,am
ঝুলিসনি,ঝুলা,so,tu
ঝুলেননি,ঝুলা,so,ap
ঝুলেনি,ঝুলা,so,ae
ঝুলোনি,ঝুলা,so,tm
ঝুড়িনি,ঝুড়া,so,am
ঝুড়িসনি,ঝুড়া,so,tu
ঝুড়েননি,ঝুড়া,so,ap
ঝুড়েনি,ঝুড়া,so,ae
ঝুড়োনি,ঝুড়া,so,tm
ঝোড়াইনি,ঝোড়ানো,so,am
ঝোড়াওনি,ঝোড়ানো,so,tm
ঝোড়াননি,ঝোড়ানো,so,ap
ঝোড়াসনি,ঝোড়ানো,so,tu
ঝোড়ায়নি,ঝোড়ানো,so,ae
ঝোড়িনি,ঝোড়া,so,am
ঝোড়িসনি,ঝোড়া,so,tu
ঝোড়েননি,ঝোড়া,so,ap
ঝোড়েনি,ঝোড়া,so,ae
ঝোড়োনি,ঝোড়া,so,tm
টকাইনি,টকানো,so,am
টকাওনি,টকানো,so,tm
টকাননি,টকানো,so,ap
টকাসনি,টকানো,so,tu
টকায়নি,টকানো,so,ae
টকেনি,টকা,so,ae
টলাইনি,টলানো,so,am
টলাওনি,টলানো,so,tm
টলাননি,টলানো,so,ap
টলাসনি,টলা,so,tu
টলাসনি,টলানো,so,tu
টলায়নি,টলানো,so,ae
টলিনি,টলা,so,am
টলেননি,টলা,so,ap
টলেনি,টলা,so,ae
টলোনি,টলা,so,tm
টাঙাইনি,টাঙানো,so,am
টাঙাওনি,টাঙানো,so,tm
টাঙাননি,টাঙানো,so,ap
টাঙাসনি,টাঙানো,so,tu
টাঙায়নি,টাঙানো,so,ae
টানাইনি,টানানো,so,am
টানাওনি,টানানো,so,tm
টানাননি,টানানো,so,ap
টানাসনি,টানানো,so,tu
টানায়নি,টানানো,so,ae
টানিনি,টানা,so,am
টানিসনি,টানা,so,tu
টানেননি,টানা,so,ap
টানেনি,টানা,so,ae
টানোনি,টানা,so,tm
টিকাইনি,টিকানো,so,am
টিকাওনি,টিকানো,so,tm
টিকাননি,টিকানো,so,ap
টিকাসনি,টিকানো,so,tu
টিকায়নি,টিকানো,so,ae
টিকিনি,টিকা,so,am
টিকিনি,টেকা,so,am
টিকিসনি,টেকা,so,tu
টিকেননি,টিকা,so,ap
টিকেনি,টিকা,so,ae
টিকেনি,টিকা,so,tm
টিকোনি,টিকা,so,tu
টিপাইনি,টিপানো,so,am
টিপাওনি,টিপানো,so,tm
টিপাননি,টিপানো,so,ap
টিপাসনি,টিপানো,so,tu
টিপায়নি,টিপানো,so,ae
টিপিনি,টিপা,so,am
টিপিসনি,টিপা,so,tu
টিপেননি,টিপা,so,ap
টিপেনি,টিপা,so,ae
টিপোনি,টিপা,so,tm
টুকাইনি,টুকানো,so,am
টুকাওনি,টুকানো,so,tm
টুকাননি,টুকানো,so,ap
টুকাসনি,টুকানো,so,tu
টুকায়নি,টুকানো,so,ae
টুকিনি,টুকা,so,am
টুকিসনি,টুকা,so,tu
টুকেননি,টুকা,so,ap
টুকেনি,টুকা,so,ae
টুকোনি,টুকা,so,tm
টেকাইনি,টেকানো,so,am
টেকাওনি,টেকানো,so,tm
টেকাননি,টেকানো,so,ap
টেকাসনি,টেকানো,so,tu
টেকায়নি,টেকানো,so,ae
টেকেননি,টেকা,so,ap
টেকেনি,টেকা,so,ae
টেকোনি,টেকা,so,tm
ঠকাইনি,ঠকানো,so,am
ঠকাওনি,ঠকানো,so,tm
ঠকাননি,ঠকানো,so,ap
ঠকাসনি,ঠকানো,so,tu
ঠকায়নি,ঠকানো,so,ae
ঠকিনি,ঠকা,so,am
ঠকিসনি,ঠকা,so,tu
ঠকেননি,ঠকা,so,ap
ঠকেনি,ঠকা,so,ae
ঠকোনি,ঠকা,so,tm
ঠাওরাইনি,ঠাওরানো,so,am
ঠাওরাওনি,ঠাওরানো,so,tm
ঠাওরাননি,ঠাওরানো,so,ap
ঠাওরাসনি,ঠাওরানো,so,tu
ঠাওরায়নি,ঠাওরানো,so,ae
ঠাসাইনি,ঠাসানো,so,am
ঠাসাওনি,ঠাসানো,so,tm
ঠাসাননি,ঠাসানো,so,ap
ঠাসাসনি,ঠাসানো,so,tu
ঠাসায়নি,ঠাসানো,so,ae
ঠাসিনি,ঠাসা,so,am
ঠাসিসনি,ঠাসা,so,tu
ঠাসেননি,ঠাসা,so,ap
ঠাসেনি,ঠাসা,so,ae
ঠাসোনি,ঠাসা,so,tm
ঠুকাইনি,ঠুকানো,so,am
ঠুকাওনি,ঠুকানো,so,tm
ঠুকাননি,ঠুকানো,so,ap
ঠুকাসনি,ঠুকানো,so,tu
ঠুকায়নি,ঠুকানো,so,ae
ঠুকিনি,ঠুকা,so,am
ঠুকিসনি,ঠুকা,so,tu
ঠুকেননি,ঠুকা,so,ap
ঠুকেনি,ঠুকা,so,ae
ঠুকোনি,ঠুকা,so,tm
ঠুসাইনি,ঠুসানো,so,am
ঠুসাওনি,ঠুসানো,so,tm
ঠুসাননি,ঠুসানো,so,ap
ঠুসাসনি,ঠুসানো,so,tu
ঠুসায়নি,ঠুসানো,so,ae
ঠুসিনি,ঠুসা,so,am
ঠুসিসনি,ঠুসা,so,tu
ঠুসেননি,ঠুসা,so,ap
ঠুসেনি,ঠুসা,so,ae
ঠুসোনি,ঠুসা,so,tm
ঠেকাইনি,ঠেকানো,so,am
ঠেকাওনি,ঠেকানো,so,tm
ঠেকাননি,ঠেকানো,so,ap
ঠেকাসনি,ঠেকানো,so,tu
ঠেকায়নি,ঠেকানো,so,ae
ঠেকিনি,ঠেকা,so,am
ঠেকিসনি,ঠেকা,so,tu
ঠেকেননি,ঠেকা,so,ap
ঠেকেনি,ঠেকা,so,ae
ঠেকোনি,ঠেকা,so,tm
ঠেলাইনি,ঠেলানো,so,am
ঠেলাওনি,ঠেলানো,so,tm
ঠেলাননি,ঠেলানো,so,ap
ঠেলাসনি,ঠেলানো,so,tu
ঠেলায়নি,ঠেলানো,so,ae
ঠেলিনি,ঠেলা,so,am
ঠেলিসনি,ঠেলা,so,tu
ঠেলেননি,ঠেলা,so,ap
ঠেলেনি,ঠেলা,so,ae
ঠেলোনি,ঠেলা,so,tm
ঠেসাইনি,ঠেসানো,so,am
ঠেসাওনি,ঠেসানো,so,tm
ঠেসাননি,ঠেসানো,so,ap
ঠেসাসনি,ঠেসানো,so,tu
ঠেসায়নি,ঠেসানো,so,ae
ঠেসিনি,ঠেসা,so,am
ঠেসিসনি,ঠেসা,so,tu
ঠেসেননি,ঠেসা,so,ap
ঠেসেনি,ঠেসা,so,ae
ঠেসোনি,ঠেসা,so,tm
ঠোকাইনি,ঠোকা,so,am
ঠোকাওনি,ঠোকা,so,tm
ঠোকাননি,ঠোকা,so,ap
ঠোকাসনি,ঠোকা,so,tu
ঠোকায়নি,ঠোকা,so,ae
ঠোকিনি,ঠোকরানো,so,am
ঠোকিসনি,ঠোকরানো,so,tu
ঠোকেননি,ঠোকরানো,so,ap
ঠোকেনি,ঠোকরানো,so,ae
ঠোকোনি,ঠোকরানো,so,tm
ডরসনি,ডরা,so,tu
ডরাইনি,ডরানো,so,am
ডরাওনি,ডরানো,so,tm
ডরাননি,ডরানো,so,ap
ডরাসনি,ডরানো,so,tu
ডরায়নি,ডরানো,so,ae
ডরিনি,ডরা,so,am
ডরেননি,ডরা,so,ap
ডরেনি,ডরা,so,ae
ডরোনি,ডরা,so,tm
ডলাইনি,ডলানো,so,am
ডলাওনি,ডলানো,so,tm
ডলাননি,ডলানো,so,ap
ডলাসনি,ডলানো,so,tu
ডলায়নি,ডলানো,so,ae
ডলিনি,ডলা,so,am
ডলিসনি,ডলা,so,tu
ডলেননি,ডলা,so,ap
ডলেনি,ডলা,so,ae
ডলোনি,ডলা,so,tm
ডাকাইনি,ডাকানো,so,am
ডাকাওনি,ডাকানো,so,tm
ডাকাননি,ডাকানো,so,ap
ডাকাসনি,ডাকানো,so,tu
ডাকায়নি,ডাকানো,so,ae
ডাকিনি,ডাকা,so,am
ডাকিসনি,ডাকা,so,tu
ডাকেননি,ডাকা,so,ap
ডাকেনি,ডাকা,so,ae
ডাকোনি,ডাকা,so,tm
ডিঙাইনি,ডিঙানো,so,am
ডিঙাওনি,ডিঙানো,so,tm
ডিঙাননি,ডিঙানো,so,ap
ডিঙাসনি,ডিঙানো,so,tu
ডিঙায়নি,ডিঙানো,so,ae
ডুবাইনি,ডুবানো,so,am
ডুবাওনি,ডুবানো,so,tm
ডুবাননি,ডুবানো,so,ap
ডুবাসনি,ডুবানো,so,tu
ডুবায়নি,ডুবানো,so,ae
ডুবিনি,ডুবা,so,am
ডুবিসনি,ডুবা,so,tu
ডুবেননি,ডুবা,so,ap
ডুবেনি,ডুবা,so,ae
ডুবোনি,ডুবা,so,tm
ঢলাইনি,ঢলানো,so,am
ঢলাওনি,ঢলানো,so,tm
ঢলাননি,ঢলানো,so,ap
ঢলাসনি,ঢলানো,so,tu
ঢলায়নি,ঢলানো,so,ae
ঢলিনি,ঢলা,so,am
ঢলিসনি,ঢলা,so,tu
ঢলেননি,ঢলা,so,ap
ঢলেনি,ঢলা,so,ae
ঢলোনি,ঢলা,so,tm
ঢাকাইনি,ঢাকানো,so,am
ঢাকাওনি,ঢাকানো,so,tm
ঢাকাননি,ঢাকানো,so,ap
ঢাকাসনি,ঢাকানো,so,tu
ঢাকায়নি,ঢাকানো,so,ae
ঢাকিনি,ঢাকা,so,am
ঢাকিসনি,ঢাকা,so,tu
ঢাকেননি,ঢাকা,so,ap
ঢাকেনি,ঢাকা,so,ae
ঢাকোনি,ঢাকা,so,tm
ঢালাইনি,ঢালা,so,am
ঢালাওনি,ঢালা,so,tm
ঢালাননি,ঢালা,so,ap
ঢালাসনি,ঢালা,so,tu
ঢালায়নি,ঢালা,so,ae
ঢালিনি,ঢালা,so,am
ঢালিসনি,ঢালা,so,tu
ঢালেননি,ঢালা,so,ap
ঢালেনি,ঢালা,so,ae
ঢালোনি,ঢালা,so,tm
ঢিকাইনি,ঢিকানো,so,am
ঢিকাওনি,ঢিকানো,so,tm
ঢিকাননি,ঢিকানো,so,ap
ঢিকাসনি,ঢিকানো,so,tu
ঢিকায়নি,ঢিকানো,so,ae
ঢুকাইনি,ঢুকানো,so,am
ঢুকাওনি,ঢুকানো,so,tm
ঢুকাননি,ঢুকানো,so,ap
ঢুকাসনি,ঢুকানো,so,tu
ঢুকায়নি,ঢুকানো,so,ae
ঢুকিনি,ঢুকা,so,am
ঢুকিসনি,ঢুকা,so,tu
ঢুকেননি,ঢুকা,so,ap
ঢুকেনি,ঢুকা,so,ae
ঢুকোনি,ঢুকা,so,tm
ঢুলাইনি,ঢুলানো,so,am
ঢুলাওনি,ঢুলানো,so,tm
ঢুলাননি,ঢুলানো,so,ap
ঢুলাসনি,ঢুলানো,so,tu
ঢুলায়নি,ঢুলানো,so,ae
ঢুলিনি,ঢুলা,so,am
ঢুলিসনি,ঢুলা,so,tu
ঢুলেননি,ঢুলা,so,ap
ঢুলেনি,ঢুলা,so,ae
ঢুলোনি,ঢুলা,so,tm
ঢুসাইনি,ঢুসানো,so,am
ঢুসাওনি,ঢুসানো,so,tm
ঢুসাননি,ঢুসানো,so,ap
ঢুসাসনি,ঢুসানো,so,tu
ঢুসায়নি,ঢুসানো,so,ae
ঢুসিনি,ঢুসা,so,am
ঢুসিসনি,ঢুসা,so,tu
ঢুসেননি,ঢুসা,so,ap
ঢুসেনি,ঢুসা,so,ae
ঢুসোনি,ঢুসা,so,tm
তলাইনি,তলানো,so,am
তলাওনি,তলানো,so,tm
তলাননি,তলানো,so,ap
তলাসনি,তলানো,so,tu
তলায়নি,তলানো,so,ae
তাকাইনি,তাকানো,so,am
তাকাওনি,তাকানো,so,tm
তাকাননি,তাকানো,so,ap
তাকাসনি,তাকানো,so,tu
তাকায়নি,তাকানো,so,ae
তাতলাইনি,তাতলানো,so,am
তাতলাওনি,তাতলানো,so,tm
তাতলাননি,তাতলানো,so,ap
তাতলাসনি,তাতলানো,so,tu
তাতলায়নি,তাতলানো,so,ae
তাতাইনি,তাতানো,so,am
তাতাওনি,তাতানো,so,tm
তাতাননি,তাতানো,so,ap
তাতাসনি,তাতানো,so,tu
তাতায়নি,তাতানো,so,ae
তালাইনি,তালানো,so,am
তালাওনি,তালানো,so,tm
তালাননি,তালানো,so,ap
তালাসনি,তালানো,so,tu
তালায়নি,তালানো,so,ae
তাড়াইনি,তাড়ানো,so,am
তাড়াওনি,তাড়ানো,so,tm
তাড়াননি,তাড়ানো,so,ap
তাড়াসনি,তাড়ানো,so,tu
তাড়ায়নি,তাড়ানো,so,ae
তুলাইনি,তুলানো,so,am
তুলাওনি,তুলানো,so,tm
তুলাননি,তুলানো,so,ap
তুলাসনি,তুলানো,so,tu
তুলায়নি,তুলানো,so,ae
তুলিনি,তুলা,so,am
তুলিসনি,তুলা,so,tu
তুলেননি,তুলা,so,ap
তুলেনি,তুলা,so,ae
তুলোনি,তুলা,so,tm
থাকাইনি,থাকানো,so,am
থাকাওনি,থাকানো,so,tm
থাকাননি,থাকানো,so,ap
থাকাসনি,থাকানো,so,tu
থাকায়নি,থাকানো,so,ae
থাকিনি,থাকা,so,am
থাকিসনি,থাকা,so,tu
থাকেননি,থাকা,so,ap
থাকেনি,থাকা,so,ae
থাকোনি,থাকা,so,tm
থাপড়াইনি,থাপড়ানো,so,am
থাপড়াওনি,থাপড়ানো,so,tm
থাপড়াননি,থাপড়ানো,so,ap
থাপড়াসনি,থাপড়ানো,so,tu
থাপড়ায়নি,থাপড়ানো,so,ae
থাবড়াইনি,থাবড়ানো,so,am
থাবড়াওনি,থাবড়ানো,so,tm
থাবড়াননি,থাবড়ানো,so,ap
থাবড়াসনি,থাবড়ানো,so,tu
থাবড়ায়নি,থাবড়ানো,so,ae
থামাইনি,থামা,so,am
থামাওনি,থামা,so,tm
থামাসনি,থামা,so,tu
থামায়নি,থামা,so,ae
থামিনি,থামা,so,am
থামিসনি,থামা,so,tu
থামেননি,nan,so,ap
থামেননি,থামা,so,ap
থামেনি,থামা,so,ae
থামোনি,থামা,so,tm
থিতাইনি,থিতানো,so,am
থিতাওনি,থিতানো,so,tm
থিতাননি,থিতানো,so,ap
থিতাসনি,থিতানো,so,tu
থিতায়নি,থিতানো,so,ae
থুইনি,থোয়া,so,am
থুবড়াইনি,থুবড়ানো,so,am
থুবড়াওনি,থুবড়ানো,so,tm
থুবড়াননি,থুবড়ানো,so,ap
থুবড়াসনি,থুবড়ানো,so,tu
থুবড়ায়নি,থুবড়ানো,so,ae
থুসনি,থোয়া,so,tu
থোওনি,থোয়া,so,tm
থোননি,nan,so,ap
থোননি,থোয়া,so,ap
থোয়নি,থোয়া,so,ae
থোয়াইনি,থোয়া,so,am
থোয়াওনি,থোয়া,so,tm
থোয়াসনি,থোয়া,so,tu
থোয়ায়নি,থোয়া,so,ae
থ্যাঁতলাইনি,থ্যাঁতলানো,so,am
থ্যাঁতলাওনি,থ্যাঁতলানো,so,tm
থ্যাঁতলাননি,থ্যাঁতলানো,so,ap
থ্যাঁতলাসনি,থ্যাঁতলানো,so,tu
থ্যাঁতলায়নি,থ্যাঁতলানো,so,ae
দমাইনি,দমানো,so,am
দমাওনি,দমানো,so,tm
দমাননি,দমানো,so,ap
দমাসনি,দমানো,so,tu
দমায়নি,দমানো,so,ae
দমিনি,দমা,so,am
দমিসিনি,দমা,so,tu
দমেননি,দমা,so,ap
দমেনি,দমা,so,ae
দমোনি,দমা,so,tm
দলাইনি,দলানো,so,am
দলাওনি,দলানো,so,tm
দলাননি,দলানো,so,ap
দলাসনি,দলানো,so,tu
দলায়নি,দলানো,so,ae
দলিনি,দলা,so,am
দলিসনি,দলা,so,tu
দলেননি,দলা,so,ap
দলেনি,দলা,so,ae
দলোনি,দলা,so,tm
দাঁড়াইনি,দাঁড়ানো,so,am
দাঁড়াওনি,দাঁড়ানো,so,tm
দাঁড়াননি,দাঁড়ানো,so,ap
দাঁড়াসনি,দাঁড়ানো,so,tu
দাঁড়ায়নি,দাঁড়ানো,so,ae
দাগাইনি,দাগানো,so,am
দাগাওনি,দাগানো,so,tm
দাগাননি,দাগানো,so,ap
দাগাসনি,দাগানো,so,tu
দাগায়নি,দাগানো,so,ae
দাগিনি,দাগা,so,am
দাগিসনি,দাগা,so,tu
দাগেননি,দাগা,so,ap
দাগেনি,দাগা,so,ae
দাগোনি,দাগা,so,tm
দাবাইনি,দাবানো,so,am
দাবাওনি,দাবানো,so,tm
দাবাননি,দাবানো,so,ap
দাবাসনি,দাবানো,so,tu
দাবায়নি,দাবানো,so,ae
দাবিনি,দাবা,so,am
দাবিসনি,দাবা,so,tu
দাবেননি,দাবা,so,ap
দাবেনি,দাবা,so,ae
দাবোনি,দাবা,so,tm
দাবড়াইনি,দাবড়ানো,so,am
দাবড়াওনি,দাবড়ানো,so,tm
দাবড়াননি,দাবড়ানো,so,ap
দাবড়াসনি,দাবড়ানো,so,tu
দাবড়ায়নি,দাবড়ানো,so,ae
দিসনি,দেওয়া,so,tu
দিসনি,দেয়া,so,tu
দুইনি,দোয়ানো,so,am
দুলাইনি,দুলানো,so,am
দুলাওনি,দুলানো,so,tm
দুলাননি,দুলানো,so,ap
দুলাসনি,দুলানো,so,tu
দুলায়নি,দুলানো,so,ae
দুলিনি,দুলা,so,am
দুলিনি,দোলা,so,am
দুলিসনি,দুলা,so,tu
দুলিসনি,দোলা,so,tu
দুলেননি,দুলা,so,ap
দুলেনি,দুলা,so,ae
দুলোনি,দুলা,so,tm
দুষাইনি,দুষানো,so,am
দুষাওনি,দুষানো,so,tm
দুষাননি,দুষানো,so,ap
দুষাসনি,দুষানো,so,tu
দুষায়নি,দুষানো,so,ae
দুষিনি,দুষা,so,am
দুষিসনি,দুষা,so,tu
দুষেননি,দুষা,so,ap
দুষেনি,দুষা,so,ae
দুষোনি,দুষা,so,tm
দুসনি,দোয়ানো,so,tu
দেইনি,দেওয়া,so,am
দেওনি,দেওয়া,so,tm
দেওনি,দেয়া,so,tm
দেওয়াইনি,দেওয়া,so,am
দেওয়াওনি,দেওয়া,so,tm
দেওয়াসনি,দেওয়া,so,tu
দেওয়ায়নি,দেওয়া,so,ae
দেখাইনি,দেখানো,so,am
দেখাওনি,দেখানো,so,tm
দেখাননি,দেখানো,so,ap
দেখাসনি,দেখানো,so,tu
দেখায়নি,দেখানো,so,ae
দেখিনি,দেখা,so,am
দেখিসনি,দেখা,so,tu
দেখেননি,দেখা,so,ap
দেখেনি,দেখা,so,ae
দেখোনি,দেখা,so,tm
দেননি,nan,so,ap
দেননি,দেওয়া,so,ap
দেননি,দেয়া,so,ap
দেয়নি,দেওয়া,so,ae
দেয়নি,দেয়া,so,ae
দেয়নি,দেয়া,so,am
দেয়াইনি,দেয়ানো,so,am
দেয়াওনি,দেয়ানো,so,tm
দেয়াননি,দেয়ানো,so,ap
দেয়াসনি,দেয়ানো,so,tu
দেয়ায়নি,দেয়ানো,so,ae
দোওনি,দোয়ানো,so,tm
দোননি,nan,so,ap
দোননি,দোয়ানো,so,ap
দোমড়া,দোমড়ানো,so,tu
দোমড়াইনি,দোমড়ানো,so,am
দোমড়াওনি,দোমড়ানো,so,tm
দোমড়াননি,দোমড়ানো,so,ap
দোমড়ায়নি,দোমড়ানো,so,ae
দোলাইনি,দোলানো,so,am
দোলাওনি,দোলানো,so,tm
দোলাননি,দোলানো,so,ap
দোলাসনি,দোলানো,so,tu
দোলায়নি,দোলানো,so,ae
দোলেননি,দোলা,so,ap
দোলেনি,দোলা,so,ae
দোলোনি,দোলা,so,tm
দোষাইনি,দোষা,so,am
দোষাওনি,দোষা,so,tm
দোষাসনি,দোষা,so,tu
দোষায়নি,দোষা,so,ae
দোষিনি,দোষা,so,am
দোষিসনি,দোষা,so,tu
দোষেননি,nan,so,ap
দোষেননি,দোষা,so,ap
দোষেনি,দোষা,so,ae
দোষোনি,দোষা,so,tm
দোয়নি,দোয়ানো,so,ae
দোয়াইনি,দোয়ানো,so,am
দোয়াওনি,দোয়ানো,so,tm
দোয়াসনি,দোয়ানো,so,tu
দোয়ায়নি,দোয়ানো,so,ae
দৌড়াইনি,দৌড়ানো,so,am
দৌড়াওনি,দৌড়ানো,so,tm
দৌড়াননি,দৌড়ানো,so,ap
দৌড়াসনি,দৌড়ানো,so,tu
দৌড়ায়নি,দৌড়ানো,so,ae
দৌড়েনি,দৌড়া,so,ae
ধমকাইনি,ধমকানো,so,am
ধমকাওনি,ধমকানো,so,tm
ধমকাননি,ধমকানো,so,ap
ধমকাসনি,ধমকানো,so,tu
ধমকায়নি,ধমকানো,so,ae
ধমকিনি,ধমকা,so,am
ধমকিসনি,ধমকা,so,tu
ধমকে,ধমকা,so,ae
ধমকেননি,ধমকা,so,ap
ধমকোনি,ধমকা,so,tm
ধরাইনি,ধরানো,so,am
ধরাওনি,ধরানো,so,tm
ধরাননি,ধরানো,so,ap
ধরাসনি,ধরানো,so,tu
ধরায়নি,ধরানো,so,ae
ধরিনি,ধরা,so,am
ধরিসনি,ধরা,so,tu
ধরেননি,ধরা,so,ap
ধরেনি,ধরা,so,ae
ধরোনি,ধরা,so,tm
ধসাইনি,ধসানো,so,am
ধসাওনি,ধসানো,so,tm
ধসাননি,ধসানো,so,ap
ধসাসনি,ধসানো,so,tu
ধসায়নি,ধসানো,so,ae
ধসিনি,ধসা,so,am
ধসিসনি,ধসা,so,tu
ধসেননি,ধসা,so,ap
ধসেনি,ধসা,so,ae
ধসোনি,ধসা,so,tm
ধাওনি,ধায়ানো,so,tm
ধাওয়াইনি,ধাওয়া,so,am
ধাওয়াওনি,ধাওয়া,so,tm
ধাওয়াননি,ধাওয়া,so,ap
ধাওয়াসনি,ধাওয়া,so,tu
ধাওয়ায়নি,ধাওয়া,so,ae
ধাক্কাইনি,ধাক্কানো,so,am
ধাক্কাওনি,ধাক্কানো,so,tm
ধাক্কাননি,ধাক্কানো,so,ap
ধাক্কাসনি,ধাক্কানো,so,tu
ধাক্কায়নি,ধাক্কানো,so,ae
ধাননি,nan,so,ap
ধাননি,ধায়ানো,so,ap
ধাবড়াইনি,ধাবড়ানো,so,am
ধাবড়াওনি,ধাবড়ানো,so,tm
ধাবড়াননি,ধাবড়ানো,so,ap
ধাবড়াসনি,ধাবড়ানো,so,tu
ধাবড়ায়নি,ধাবড়ানো,so,ae
ধায়নি,ধায়ানো,so,ae
ধায়াইনি,ধায়ানো,so,am
ধায়াওনি,ধায়ানো,so,tm
ধায়াসনি,ধায়ানো,so,tu
ধায়ায়নি,ধায়ানো,so,ae
ধুইনি,ধায়ানো,so,am
ধুসনি,ধায়ানো,so,tu
নাওনি,নেয়া,so,tm
নাওনি,লওয়া,so,tm
নাচাইনি,নাচানো,so,am
নাচাওনি,নাচানো,so,tm
নাচাননি,নাচানো,so,ap
নাচাসনি,নাচানো,so,tu
নাচায়নি,নাচানো,so,ae
নাচিনি,নাচা,so,am
নাচিসনি,নাচা,so,tu
নাচেননি,নাচা,so,ap
নাচেনি,নাচা,so,ae
নাচোনি,নাচা,so,tm
নামসনি,নামা,so,tu
নামাইনি,নামানো,so,am
নামাওনি,নামানো,so,tm
নামাননি,নামানো,so,ap
নামাসনি,নামানো,so,tu
নামায়নি,নামানো,so,ae
নামিনি,নামা,so,am
নামেননি,নামা,so,ap
নামেনি,নামা,so,ae
নামোনি,নামা,so,tm
নাড়াইনি,নাড়ানো,so,am
নাড়াওনি,নাড়ানো,so,tm
নাড়াননি,নাড়ানো,so,ap
নাড়াসনি,নাড়ানো,so,tu
নাড়ায়নি,নাড়ানো,so,ae
নাড়িনি,নাড়া,so,am
নাড়িসনি,নাড়া,so,tu
নাড়েননি,নাড়া,so,ap
নাড়েনি,নাড়া,so,ae
নাড়োনি,নাড়া,so,tm
নায়াইনি,নায়ানো,so,am
নায়াওনি,নায়ানো,so,tm
নায়াননি,নায়ানো,so,ap
নায়াসনি,নায়ানো,so,tu
নায়ায়নি,নায়ানো,so,ae
নিংড়াইনি,নিংড়ানো,so,am
নিংড়াওনি,নিংড়ানো,so,tm
নিংড়াননি,নিংড়ানো,so,ap
নিংড়াসনি,নিংড়ানো,so,tu
নিংড়ায়নি,নিংড়ানো,so,ae
নিকাইনি,নিকানো,so,am
নিকাওনি,নিকানো,so,tm
নিকাননি,নিকানো,so,ap
নিকাসনি,নিকানো,so,tu
নিকায়নি,নিকানো,so,ae
নিবাইনি,নিবানো,so,am
নিবাওনি,নিবানো,so,tm
নিবাননি,নিবানো,so,ap
নিবাসনি,নিবানো,so,tu
নিবায়নি,নিবানো,so,ae
নিভাইনি,নিভানো,so,am
নিভাওনি,নিভানো,so,tm
নিভাননি,নিভানো,so,ap
নিভাসনি,নিভানো,so,tu
নিভায়নি,নিভানো,so,ae
নিভিনি,নিভা,so,am
নিভিসনি,নিভা,so,tu
নিভেননি,নিভা,so,ap
নিভেনি,নিভা,so,ae
নিভোনি,নিভা,so,tm
নিসনি,নেয়া,so,tu
নিসনি,লওয়া,so,tu
নিড়াইনি,নিড়ানো,so,am
নিড়াওনি,নিড়ানো,so,tm
নিড়াননি,নিড়ানো,so,ap
নিড়াসনি,নিড়ানো,so,tu
নিড়ায়নি,নিড়ানো,so,ae
নুইনি,নুয়া,so,am
নুসনি,নুয়া,so,tu
নুয়াইনি,নুয়ানো,so,am
নুয়াওনি,নুয়ানো,so,tm
নুয়াননি,নুয়ানো,so,ap
নুয়াসনি,নুয়ানো,so,tu
নুয়ায়নি,নুয়ানো,so,ae
নেইনি,নেয়া,so,am
নেইনি,লওয়া,so,am
নেওয়াইনি,নেওয়া,so,am
নেওয়াওনি,নেওয়া,so,tm
নেওয়াওনি,লওয়ানো,so,tm
নেওয়াননি,নেওয়া,so,ap
নেওয়াসনি,নেওয়া,so,tu
নেওয়ায়নি,নেওয়া,so,ae
নেতাইনি,নেতানো,so,am
নেতাওনি,নেতানো,so,tm
নেতাননি,নেতানো,so,ap
নেতাসনি,নেতানো,so,tu
নেতায়নি,নেতানো,so,ae
নেননি,নেয়া,so,ap
নেননি,লওয়া,so,ap
নেবাইনি,নেবানো,so,am
নেবাওনি,নেবানো,so,tm
নেবাননি,নেবানো,so,ap
নেবাসনি,নেবানো,so,tu
নেবায়নি,নেবানো,so,ae
নেভাইনি,নেভানো,so,am
নেভাওনি,নেভানো,so,tm
নেভাননি,নেভানো,so,ap
নেভাসনি,নেভানো,so,tu
নেভায়নি,নেভানো,so,ae
নেভিনি,নেভা,so,am
নেভিসনি,নেভা,so,tu
নেভেননি,নেভা,so,ap
নেভেনি,নেভা,so,ae
নেভোনি,নেভা,so,tm
নেয়নি,নেয়া,so,ae
নেয়নি,লওয়া,so,ae
নেয়াইনি,নেয়ানো,so,am
নেয়াইনি,লওয়ানো,so,am
নেয়াওনি,নেয়ানো,so,tm
নেয়াননি,নেয়ানো,so,ap
নেয়াননি,লওয়ানো,so,ap
নেয়াসনি,নেয়ানো,so,tu
নেয়াসনি,লওয়ানো,so,tu
নেয়ায়নি,নেয়ানো,so,ae
নেয়ায়নি,লওয়ানো,so,ae
নোওনি,নুয়া,so,tm
নোননি,নুয়া,so,ap
নোয়নি,নুয়া,so,ae
ন্যাতাইনি,ন্যাতানো,so,am
ন্যাতাওনি,ন্যাতানো,so,tm
ন্যাতাননি,ন্যাতানো,so,ap
ন্যাতাসনি,ন্যাতানো,so,tu
ন্যাতায়নি,ন্যাতানো,so,ae
পচাইনি,পচানো,so,am
পচাওনি,পচানো,so,tm
পচাননি,nan,so,ap
পচাননি,পচানো,so,ap
পচাসনি,পচানো,so,tu
পচায়নি,পচানো,so,ae
পচিনি,পচা,so,am
পচিসনি,পচা,so,tu
পচেননি,পচা,so,ap
পচেনি,পচা,so,ae
পচোনি,পচা,so,tm
পটাইনি,পটানো,so,am
পটাওনি,পটানো,so,tm
পটাননি,পটানো,so,ap
পটাসনি,পটানো,so,tu
পটায়নি,পটানো,so,ae
পটিনি,পচানো,so,am
পটিসনি,পচানো,so,tu
পটেনি,পচানো,so,ae
পটোনি,পচানো,so,tm
পরাইনি,পরা,so,am
পরাওনি,পরা,so,tm
পরাসনি,পরা,so,tu
পরায়নি,পরা,so,ae
পরিনি,পরা,so,am
পরিসনি,পরা,so,tu
পরেননি,nan,so,ap
পরেননি,পরা,so,ap
পরেনি,পরা,so,ae
পরোনি,পরা,so,tm
পস্তাইনি,পস্তানো,so,am
পস্তাওনি,পস্তানো,so,tm
পস্তাননি,nan,so,ap
পস্তাননি,পস্তানো,so,ap
পস্তাসনি,পস্তানো,so,tu
পস্তায়নি,পস্তানো,so,ae
পাইনি,পস্তানো,so,am
পাওনি,পস্তানো,so,tm
পাওয়াইনি,পাওয়া,so,am
পাওয়াওনি,পাওয়া,so,tm
পাওয়াননি,nan,so,ap
পাওয়াননি,পাওয়া,so,ap
পাওয়াসনি,পাওয়া,so,tu
পাওয়ায়নি,পাওয়া,so,ae
পাকাইনি,পাকানো,so,am
পাকাওনি,পাকানো,so,tm
পাকাননি,পাকানো,so,ap
পাকাসনি,পাকানো,so,tu
পাকায়নি,পাকানো,so,ae
পাকিনি,পাওয়া,so,am
পাকিসনি,পাওয়া,so,tu
পাকেনি,পাওয়া,so,ae
পাকোনি,পাওয়া,so,tm
পাতাইনি,পাতানো,so,am
পাতাওনি,পাতানো,so,tm
পাতাননি,পাতানো,so,ap
পাতাসনি,পাতানো,so,tu
পাতায়নি,পাতানো,so,ae
পাতিনি,পাতা,so,am
পাতিসনি,পাতা,so,tu
পাতেননি,পাতা,so,ap
পাতেনি,পাতা,so,ae
পাতোনি,পাতা,so,tm
পালাইনি,পালানো,so,am
পালাওনি,পালানো,so,tm
পালাননি,পালানো,so,ap
পালাসনি,পালানো,so,tu
পালায়নি,পালানো,so,ae
পাসনি,পস্তানো,so,tu
পাড়াইনি,পাড়ানো,so,am
পাড়াওনি,পাড়ানো,so,tm
পাড়াননি,পাড়ানো,so,ap
পাড়াসনি,পাড়ানো,so,tu
পাড়ায়নি,পাড়ানো,so,ae
পাড়িনি,পাড়া,so,am
পাড়িসনি,পাড়া,so,tu
পাড়েননি,পাড়া,so,ap
পাড়েনি,পাড়া,so,ae
পাড়োনি,পাড়া,so,tm
পায়নি,পস্তানো,so,ae
পিছাইনি,পিছানো,so,am
পিছাওনি,পিছানো,so,tm
পিছাননি,পিছানো,so,ap
পিছাসনি,পিছানো,so,tu
পিছায়নি,পিছানো,so,ae
পিটাইনি,পিটানো,so,am
পিটাওনি,পিটানো,so,tm
পিটাননি,পিটানো,so,ap
পিটাসনি,পিটানো,so,tu
পিটায়নি,পিটানো,so,ae
পিষাইনি,পিষানো,so,am
পিষাওনি,পিষানো,so,tm
পিষাননি,পিষানো,so,ap
পিষাসনি,পিষানো,so,tu
পিষায়নি,পিষানো,so,ae
পিষিনি,পিষা,so,am
পিষিসনি,পিষা,so,tu
পিষেননি,পিষা,so,ap
পিষেনি,পিষা,so,ae
পিষোনি,পিষা,so,tm
পুরাইনি,পুরানো,so,am
পুরাওনি,পুরানো,so,tm
পুরাননি,পুরানো,so,ap
পুরাসনি,পুরানো,so,tu
পুরায়নি,পুরানো,so,ae
পুরিনি,পুরা,so,am
পুরিসনি,পুরা,so,tu
পুরেননি,পুরা,so,ap
পুরেনি,পুরা,so,ae
পুরোনি,পুরা,so,tm
পুষাইনি,পুষানো,so,am
পুষাওনি,পুষানো,so,tm
পুষাননি,পুষানো,so,ap
পুষাসনি,পুষানো,so,tu
পুষায়নি,পুষানো,so,ae
পুষিনি,পুষা,so,am
পুষিনি,পোষা,so,am
পুষিসনি,পুষা,so,tu
পুষিসনি,পোষা,so,tu
পুষেননি,পুষা,so,ap
পুষেনি,পুষা,so,ae
পুষোনি,পুষা,so,tm
পুড়াইনি,পুড়ানো,so,am
পুড়াওনি,পুড়ানো,so,tm
পুড়াননি,পুড়ানো,so,ap
পুড়াসনি,পুড়ানো,so,tu
পুড়ায়নি,পুড়ানো,so,ae
পুড়িনি,পাড়া,so,am
পুড়িনি,পুড়া,so,am
পুড়িসনি,পাড়া,so,tu
পুড়িসনি,পুড়া,so,tu
পুড়েননি,পুড়া,so,ap
পুড়েনি,পুড়া,so,ae
পুড়োনি,পুড়া,so,tm
পেটাইনি,পেটানো,so,am
পেটাওনি,পেটানো,so,tm
পেটাননি,পেটানো,so,ap
পেটাসনি,পেটানো,so,tu
পেটায়নি,পেটানো,so,ae
পোষাইনি,পোষানো,so,am
পোষাওনি,পোষানো,so,tm
পোষাননি,পোষানো,so,ap
পোষাসনি,পোষানো,so,tu
পোষায়নি,পোষানো,so,ae
পোষেননি,পোষা,so,ap
পোষেনি,পোষা,so,ae
পোষোনি,পোষা,so,tm
প্যাঁদাইনি,প্যাঁদানো,so,am
প্যাঁদাওনি,প্যাঁদানো,so,tm
প্যাঁদাননি,প্যাঁদানো,so,ap
প্যাঁদাসনি,প্যাঁদানো,so,tu
প্যাঁদায়নি,প্যাঁদানো,so,ae
পড়াইনি,পড়ানো,so,am
পড়াওনি,পড়ানো,so,tm
পড়াননি,পড়ানো,so,ap
পড়াসনি,পড়ানো,so,tu
পড়ায়নি,পড়ানো,so,ae
পড়িনি,পড়া,so,am
পড়িসনি,পড়া,so,tu
পড়েননি,পড়া,so,ap
পড়েনি,পড়া,so,ae
পড়োনি,পড়া,so,tm
ফলাইনি,ফলানো,so,am
ফলাওনি,ফলানো,so,tm
ফলাননি,ফলানো,so,ap
ফলাসনি,ফলানো,so,tu
ফলায়নি,ফলানো,so,ae
ফলিনি,ফলা,so,am
ফলিসনি,ফলা,so,tu
ফলেননি,ফলা,so,ap
ফলেনি,ফলা,so,ae
ফলোনি,ফলা,so,tm
ফসকাইনি,ফসকানো,so,am
ফসকাওনি,ফসকানো,so,tm
ফসকাননি,ফসকানো,so,ap
ফসকাসনি,ফসকানো,so,tu
ফসকায়নি,ফসকানো,so,ae
ফসকিনি,ফসকা,so,am
ফসকিসনি,ফসকা,so,tu
ফসকেননি,ফসকা,so,ap
ফসকেনি,ফসকা,so,ae
ফসকোনি,ফসকা,so,tm
ফাটাইনি,ফাটানো,so,am
ফাটাওনি,ফাটানো,so,tm
ফাটাননি,ফাটানো,so,ap
ফাটাসনি,ফাটানো,so,tu
ফাটায়নি,ফাটানো,so,ae
ফাটিনি,ফাটা,so,am
ফাটিসনি,ফাটা,so,tu
ফাটেননি,ফাটা,so,ap
ফাটেনি,ফাটা,so,ae
ফাটোনি,ফাটা,so,tm
ফাড়াইনি,ফাড়ানো,so,am
ফাড়াওনি,ফাড়ানো,so,tm
ফাড়াননি,ফাড়ানো,so,ap
ফাড়াসনি,ফাড়ানো,so,tu
ফাড়ায়নি,ফাড়ানো,so,ae
ফাড়িনি,ফাড়া,so,am
ফাড়িসনি,ফাড়া,so,tu
ফাড়েননি,ফাড়া,so,ap
ফাড়েনি,ফাড়া,so,ae
ফাড়োনি,ফাড়া,so,tm
ফিরাইনি,ফিরানো,so,am
ফিরাওনি,ফিরানো,so,tm
ফিরাননি,ফিরানো,so,ap
ফিরাসনি,ফিরানো,so,tu
ফিরায়নি,ফিরানো,so,ae
ফিরিনি,ফিরা,so,am
ফিরিনি,ফেরা,so,am
ফিরিসনি,ফিরা,so,tu
ফিরিসনি,ফেরা,so,tu
ফিরেননি,ফিরা,so,ap
ফিরেনি,ফিরা,so,ae
ফিরোনি,ফিরা,so,tm
ফুঁসিনি,ফোঁসা,so,am
ফুঁসিসনি,ফোঁসা,so,tu
ফুটাইনি,ফুটানো,so,am
ফুটাওনি,ফুটানো,so,tm
ফুটাননি,ফুটানো,so,ap
ফুটাসনি,ফুটানো,so,tu
ফুটায়নি,ফুটানো,so,ae
ফুটিনি,ফুটা,so,am
ফুটিনি,ফোটা,so,am
ফুটিসনি,ফুটা,so,tu
ফুটিসনি,ফোটা,so,tu
ফুটেননি,ফুটা,so,ap
ফুটেনি,ফুটা,so,ae
ফুটোনি,ফুটা,so,tm
ফুরাইনি,ফুরানো,so,am
ফুরাওনি,ফুরানো,so,tm
ফুরাননি,nan,so,ap
ফুরাননি,ফুরানো,so,ap
ফুরাসনি,ফুরানো,so,tu
ফুরায়নি,ফুরানো,so,ae
ফুরিনি,ফুরা,so,am
ফুরিসনি,ফুরা,so,tu
ফুরেননি,ফুরা,so,ap
ফুরেনি,ফুরা,so,ae
ফুরোনি,ফুরা,so,tm
ফুলাইনি,ফুলানো,so,am
ফুলাওনি,ফুলানো,so,tm
ফুলাননি,ফুলানো,so,ap
ফুলাসনি,ফুলানো,so,tu
ফুলায়নি,ফুলানো,so,ae
ফুলিনি,ফুরানো,so,am
ফুলিসনি,ফুরানো,so,tu
ফুলেনি,ফুরানো,so,ae
ফুলোনি,ফুরানো,so,tm
ফুসলাইনি,ফুসলানো,so,am
ফুসলাওনি,ফুসলানো,so,tm
ফুসলাননি,ফুসলানো,so,ap
ফুসলাসনি,ফুসলানো,so,tu
ফুসলায়নি,ফুসলানো,so,ae
ফেনাইনি,ফেনানো,so,am
ফেনাওনি,ফেনানো,so,tm
ফেনাননি,ফেনানো,so,ap
ফেনাসনি,ফেনানো,so,tu
ফেনায়নি,ফেনানো,so,ae
ফেরাইনি,ফেরানো,so,am
ফেরাওনি,ফেরানো,so,tm
ফেরাননি,ফেরানো,so,ap
ফেরাসনি,ফেরানো,so,tu
ফেরায়নি,ফেরানো,so,ae
ফেরেননি,ফেরা,so,ap
ফেরেনি,ফেরা,so,ae
ফেরোনি,ফেরা,so,tm
ফেলাইনি,ফেলা,so,am
ফেলাওনি,ফেলা,so,tm
ফেলাসনি,ফেলা,so,tu
ফেলায়নি,ফেলা,so,ae
ফেলিনি,ফেলা,so,am
ফেলিসনি,ফেলা,so,tu
ফেলেননি,nan,so,ap
ফেলেননি,ফেলা,so,ap
ফেলেনি,ফেলা,so,ae
ফেলোনি,ফেলা,so,tm
ফোঁসাইনি,ফোঁসা,so,am
ফোঁসাওনি,ফোঁসা,so,tm
ফোঁসাসনি,ফোঁসা,so,tu
ফোঁসায়নি,ফোঁসা,so,ae
ফোঁসেননি,nan,so,ap
ফোঁসেননি,ফোঁসা,so,ap
ফোঁসেনি,ফোঁসা,so,ae
ফোঁসোনি,ফোঁসা,so,tm
ফোটাইনি,ফোটানো,so,am
ফোটাওনি,ফোটানো,so,tm
ফোটাননি,nan,so,ap
ফোটাননি,ফোটানো,so,ap
ফোটাসনি,ফোটানো,so,tu
ফোটায়নি,ফোটানো,so,ae
ফোটেননি,ফোটা,so,ap
ফোটেনি,ফোটা,so,ae
ফোটোনি,ফোটা,so,tm
বকাইনি,বকানো,so,am
বকাওনি,বকানো,so,tm
বকাননি,বকানো,so,ap
বকাসনি,বকানো,so,tu
বকায়নি,বকানো,so,ae
বকিনি,ফোটানো,so,am
বকিসনি,ফোটানো,so,tu
বকেনি,ফোটানো,so,ae
বকোনি,ফোটানো,so,tm
বখাইনি,বখানো,so,am
বখাওনি,বখানো,so,tm
বখাসনি,বখানো,so,tu
বখায়নি,বখানো,so,ae
বখিনি,বখানো,so,am
বখিসনি,বখানো,so,tu
বখেননি,nan,so,ap
বখেননি,বখানো,so,ap
বখেনি,বখানো,so,ae
বখোনি,বখানো,so,tm
বদলাইনি,বদলানো,so,am
বদলাওনি,বদলানো,so,tm
বদলাননি,nan,so,ap
বদলাননি,বদলানো,so,ap
বদলাসনি,বদলানো,so,tu
বদলায়নি,বদলানো,so,ae
বদলিনি,বখাবনা,so,am
বদলিসনি,বখাবনা,so,tu
বদলেনি,বখাবনা,so,ae
বদলোনি,বখাবনা,so,tm
বনাইনি,বনানো,so,am
বনাওনি,বনানো,so,tm
বনাননি,nan,so,ap
বনাননি,বনানো,so,ap
বনাসনি,বনানো,so,tu
বনায়নি,বনানো,so,ae
বনিনি,বদলানো,so,am
বনিসনি,বদলানো,so,tu
বনেনি,বদলানো,so,ae
বনোনি,বদলানো,so,tm
বলাইনি,বলা,so,am
বলাওনি,বলা,so,tm
বলাননি,বলা,so,ap
বলাসনি,বলা,so,tu
বলায়নি,বলা,so,ae
বলিনি,বনানো,so,am
বলিসনি,বনানো,so,tu
বলেনি,বনানো,so,ae
বলোনি,বনানো,so,tm
বসাইনি,বসানো,so,am
বসাওনি,বসানো,so,tm
বসাননি,বসানো,so,ap
বসাসনি,বসানো,so,tu
বসায়নি,বসানো,so,ae
বসিনি,বসা,so,am
বসিসনি,বসা,so,tu
বসেননি,বসা,so,ap
বসেনি,বসা,so,ae
বসোনি,বসা,so,tm
বহাইনি,বহানো,so,am
বহাওনি,বহানো,so,tm
বহাননি,nan,so,ap
বহাননি,বহানো,so,ap
বহাসনি,বহানো,so,tu
বহায়নি,বহানো,so,ae
বহিনি,বহা,so,am
বহিসনি,বহা,so,tu
বহেননি,বহা,so,ap
বহেনি,বহা,so,ae
বহোনি,বহা,so,tm
বাঁকাইনি,বাঁকানো,so,am
বাঁকাওনি,বাঁকানো,so,tm
বাঁকাননি,nan,so,ap
বাঁকাননি,বাঁকানো,so,ap
বাঁকাসনি,বাঁকানো,so,tu
বাঁকায়নি,বাঁকানো,so,ae
বাঁকিনি,বহানো,so,am
বাঁকিসনি,বহানো,so,tu
বাঁকেনি,বহানো,so,ae
বাঁকোনি,বহানো,so,tm
বাঁচাইনি,বাঁচা,so,am
বাঁচাওনি,বাঁচা,so,tm
বাঁচাননি,বাঁচা,so,ap
বাঁচাসনি,বাঁচা,so,tu
বাঁচায়নি,বাঁচা,so,ae
বাঁচিনি,বাঁকানো,so,am
বাঁচিসনি,বাঁকানো,so,tu
বাঁচেনি,বাঁকানো,so,ae
বাঁচোনি,বাঁকানো,so,tm
বাঁধাইনি,বাঁধানো,so,am
বাঁধাওনি,বাঁধানো,so,tm
বাঁধাননি,nan,so,ap
বাঁধাননি,বাঁধানো,so,ap
বাঁধাসনি,বাঁধানো,so,tu
বাঁধায়নি,বাঁধানো,so,ae
বাঁধিনি,বাঁধা,so,am
বাঁধিসনি,বাঁধা,so,tu
বাঁধেননি,বাঁধা,so,ap
বাঁধেনি,বাঁধা,so,ae
বাঁধোনি,বাঁধা,so,tm
বাইনি,বাঁধানো,so,am
বাইসনি,বাঁধানো,so,tu
বাওনি,বাঁধানো,so,tm
বাওয়াইনি,বাওয়া,so,am
বাওয়াওনি,বাওয়া,so,tm
বাওয়াননি,nan,so,ap
বাওয়াননি,বাওয়া,so,ap
বাওয়াসনি,বাওয়া,so,tu
বাওয়ায়নি,বাওয়া,so,ae
বাছাইনি,বাছা,so,am
বাছাওনি,বাছা,so,tm
বাছাননি,nan,so,ap
বাছাননি,বাছা,so,ap
বাছাসনি,বাছা,so,tu
বাছায়নি,বাছা,so,ae
বাছিনি,বাওয়া,so,am
বাছিসনি,বাওয়া,so,tu
বাছেনি,বাওয়া,so,ae
বাছোনি,বাওয়া,so,tm
বাজাইনি,বাজানো,so,am
বাজাওনি,বাজানো,so,tm
বাজাননি,বাজানো,so,ap
বাজাসনি,বাজানো,so,tu
বাজায়নি,বাজানো,so,ae
বাজিনি,বাছা,so,am
বাজিসনি,বাছা,so,tu
বাজেনি,বাছা,so,ae
বাজোনি,বাছা,so,tm
বাঝাইনি,বাঝা,so,am
বাঝাওনি,বাঝা,so,tm
বাঝাননি,বাঝা,so,ap
বাঝাসনি,বাঝা,so,tu
বাঝায়নি,বাঝা,so,ae
বাঝেনি,বাসা,so,ae
বাঝোনি,বাসা,so,tm
বাটাইনি,বাটানো,so,am
বাটাওনি,বাটানো,so,tm
বাটাননি,nan,so,ap
বাটাননি,বাটানো,so,ap
বাটাসনি,বাটানো,so,tu
বাটায়নি,বাটানো,so,ae
বাটিনি,বাটা,so,am
বাটিসনি,বাটা,so,tu
বাটেননি,বাটা,so,ap
বাটেনি,বাটা,so,ae
বাটোনি,বাটা,so,tm
বাধাইনি,বাধানো,so,am
বাধাওনি,বাধানো,so,tm
বাধাননি,বাধানো,so,ap
বাধাসনি,বাধানো,so,tu
বাধায়নি,বাধানো,so,ae
বাধিনি,বাধা,so,am
বাধিসনি,বাধা,so,tu
বাধেননি,বাধা,so,ap
বাধেনি,বাধা,so,ae
বাধোনি,বাধা,so,tm
বানাইনি,বানানো,so,am
বানাওনি,বানানো,so,tm
বানাননি,nan,so,ap
বানাননি,বানানো,so,ap
বানাসনি,বানানো,so,tu
বানায়নি,বানানো,so,ae
বালাইনি,বালানো,so,am
বালাওনি,বালানো,so,tm
বালাননি,বালানো,so,ap
বালাসনি,বালানো,so,tu
বালায়নি,বালানো,so,ae
বাসাইনি,বাসা,so,am
বাসাওনি,বাসা,so,tm
বাসাননি,nan,so,ap
বাসাননি,বাসা,so,ap
বাসাসনি,বাসা,so,tu
বাসায়নি,বাসা,so,ae
বাসিনি,বানানো,so,am
বাসিসনি,বানানো,so,tu
বাসেনি,বানানো,so,ae
বাসেনি,বানানো,so,tm
বাড়াইনি,বাড়ানো,so,am
বাড়াওনি,বাড়ানো,so,tm
বাড়াননি,বাড়ানো,so,ap
বাড়াসনি,বাড়ানো,so,tu
বাড়ায়নি,বাড়ানো,so,ae
বাড়িনি,বাটানো,so,am
বাড়িনি,বাড়া,so,am
বাড়িসনি,বাটানো,so,tu
বাড়িসনি,বাড়া,so,tu
বাড়েননি,বাড়া,so,ap
বাড়েনি,বাটানো,so,ae
বাড়েনি,বাড়া,so,ae
বাড়োনি,বাটানো,so,tm
বাড়োনি,বাড়া,so,tm
বায়নি,বাঁধানো,so,ae
বিকাইনি,বিকানো,so,am
বিকাওনি,বিকানো,so,tm
বিকাননি,বিকানো,so,ap
বিকাসনি,বিকানো,so,tu
বিকায়নি,বিকানো,so,ae
বিকিনি,বিকা,so,am
বিকিসনি,বিকা,so,tu
বিকেনি,বিকা,so,ae
বিকোননি,বিকা,so,ap
বিকোনি,বিকা,so,tm
বিছাইনি,বিছানো,so,am
বিছাওনি,বিছানো,so,tm
বিছাননি,বিছানো,so,ap
বিছাসনি,বিছানো,so,tu
বিছায়নি,বিছানো,so,ae
বিলাইনি,বিলানো,so,am
বিলাওনি,বিলানো,so,tm
বিলাননি,বিলানো,so,ap
বিলাসনি,বিলানো,so,tu
বিলায়নি,বিলানো,so,ae
বুজাইনি,বুজানো,so,am
বুজিনি,বুজা,so,am
বুজিনি,বোজা,so,am
বুজিসনি,বুজা,so,tu
বুজিসনি,বোজা,so,tu
বুঝাইনি,বুঝানো,so,am
বুঝাওনি,বুঝানো,so,tm
বুঝাননি,বুঝানো,so,ap
বুঝাসনি,বুঝানো,so,tu
বুঝায়নি,বুঝানো,so,ae
বুঝিনি,বাসা,so,am
বুঝিসনি,বাসা,so,tu
বুনাইনি,বুনানো,so,am
বুনাওনি,বুনানো,so,tm
বুনাননি,বুনানো,so,ap
বুনাসনি,বানানো,so,tu
বুনাসনি,বুনানো,so,tu
বুনায়নি,বুনানো,so,ae
বুনিনি,বানা,so,am
বুনিনি,বুনা,so,am
বুনিসনি,বানা,so,tu
বুনিসনি,বুনা,so,tu
বুনেননি,বুনা,so,ap
বুনেনি,বুনা,so,ae
বুনোনি,বুনা,so,tm
বুলাইনি,বুলানো,so,am
বুলাওনি,বুলানো,so,tm
বুলাননি,বুলানো,so,ap
বুলাসনি,বুলানো,so,tu
বুলায়নি,বুলানো,so,ae
বেচাইনি,বেচা,so,am
বেচাওনি,বেচা,so,tm
বেচাসনি,বেচা,so,tu
বেচায়নি,বেচা,so,ae
বেচিনি,বেচা,so,am
বেচিসনি,বেচা,so,tu
বেচেননি,nan,so,ap
বেচেননি,বেচা,so,ap
বেচেনি,বেচা,so,ae
বেচোনি,বেচা,so,tm
বেড়াইনি,বেড়ানো,so,am
বেড়াওনি,বেড়ানো,so,tm
বেড়াননি,বেড়ানো,so,ap
বেড়াসনি,বেড়ানো,so,tu
বেড়ায়নি,বেড়ানো,so,ae
বোজাইনি,বোজানো,so,am
বোজাওনি,বুজানো,so,tm
বোজাওনি,বোজানো,so,tm
বোজাননি,বুজানো,so,ap
বোজাননি,বোজানো,so,ap
বোজাসনি,বুজানো,so,tu
বোজাসনি,বোজানো,so,tu
বোজায়নি,বুজানো,so,ae
বোজায়নি,বোজানো,so,ae
বোজেননি,বুজা,so,ap
বোজেননি,বোজা,so,ap
বোজেনি,বুজা,so,ae
বোজেনি,বোজা,so,ae
বোজোনি,বুজা,so,tm
বোজোনি,বোজা,so,tm
বোঝাইনি,বোঝানো,so,am
বোঝাওনি,বোঝানো,so,tm
বোঝাননি,nan,so,ap
বোঝাননি,বোঝানো,so,ap
বোঝাসনি,বোঝানো,so,tu
বোঝায়নি,বোঝানো,so,ae
বোনাইনি,বানানো,so,am
বোনাওনি,বানানো,so,tm
বোনাননি,বানানো,so,ap
বোনায়নি,বানানো,so,ae
বোনেননি,বানা,so,ap
বোনেনি,বানা,so,ae
বোনোনি,বানা,so,tm
ভজাইনি,ভজা,so,am
ভজাওনি,ভজা,so,tm
ভজাননি,ভজা,so,ap
ভজাসনি,ভজা,so,tu
ভজায়নি,ভজা,so,ae
ভজিনি,বোঝানো,so,am
ভজিসনি,বোঝানো,so,tu
ভজেনি,বোঝানো,so,ae
ভজোনি,বোঝানো,so,tm
ভরাইনি,ভরানো,so,am
ভরাওনি,ভরানো,so,tm
ভরাননি,ভরানো,so,ap
ভরাসনি,ভরানো,so,tu
ভরায়নি,ভরানো,so,ae
ভরিনি,ভরা,so,am
ভরিসনি,ভরা,so,tu
ভরেননি,ভরা,so,ap
ভরেনি,ভরা,so,ae
ভরোনি,ভরা,so,tm
ভাগাইনি,ভাগানো,so,am
ভাগাওনি,ভাগানো,so,tm
ভাগাননি,nan,so,ap
ভাগাননি,ভাগানো,so,ap
ভাগাসনি,ভাগানো,so,tu
ভাগায়নি,ভাগানো,so,ae
ভাগিনি,ভাগা,so,am
ভাগিসনি,ভাগা,so,tu
ভাগেননি,ভাগা,so,ap
ভাগেনি,ভাগা,so,ae
ভাগেনি,ভাসানো,so,ae
ভাগোনি,ভাগা,so,tm
ভাগোনি,ভাসানো,so,tm
ভাঙাইনি,ভাঙা,so,am
ভাঙাওনি,ভাঙা,so,tm
ভাঙাননি,nan,so,ap
ভাঙাননি,ভাঙা,so,ap
ভাঙাসনি,ভাঙা,so,tu
ভাঙায়নি,ভাঙা,so,ae
ভাঙিনি,ভাগানো,so,am
ভাঙিসনি,ভাগানো,so,tu
ভাঙেনি,ভাগানো,so,ae
ভাঙোনি,ভাগানো,so,tm
ভাজাইনি,ভাজা,so,am
ভাজাওনি,ভাজা,so,tm
ভাজাননি,ভাজা,so,ap
ভাজাসনি,ভাজা,so,tu
ভাজায়নি,ভাজা,so,ae
ভাজিনি,ভাঙা,so,am
ভাজিসনি,ভাঙা,so,tu
ভাজেনি,ভাঙা,so,ae
ভাজোনি,ভাঙা,so,tm
ভানাইনি,ভানানো,so,am
ভানাওনি,ভানানো,so,tm
ভানাননি,nan,so,ap
ভানাননি,ভানানো,so,ap
ভানাসনি,ভানানো,so,tu
ভানায়নি,ভানানো,so,ae
ভানিনি,ভানা,so,am
ভানিসনি,ভানা,so,tu
ভানেননি,ভানা,so,ap
ভানেনি,ভানা,so,ae
ভানোনি,ভানা,so,tm
ভাপাইনি,ভাপানো,so,am
ভাপাওনি,ভাপানো,so,tm
ভাপাননি,ভাপানো,so,ap
ভাপাসনি,ভাপানো,so,tu
ভাপায়নি,ভাপানো,so,ae
ভাপিনি,ভানানো,so,am
ভাপিসনি,ভানানো,so,tu
ভাপেনি,ভানানো,so,ae
ভাপোনি,ভানানো,so,tm
ভাবাইনি,ভাবানো,so,am
ভাবাওনি,ভাবানো,so,tm
ভাবাননি,ভাবানো,so,ap
ভাবাসনি,ভাবানো,so,tu
ভাবায়নি,ভাবানো,so,ae
ভাবিনি,ভাবা,so,am
ভাবিসনি,ভাবা,so,tu
ভাবেননি,ভাবা,so,ap
ভাবেনি,ভাবা,so,ae
ভাবোনি,ভাবা,so,tm
ভাসাইনি,ভাসানো,so,am
ভাসাওনি,ভাসানো,so,tm
ভাসাননি,nan,so,ap
ভাসাননি,ভাসানো,so,ap
ভাসাসনি,ভাসানো,so,tu
ভাসায়নি,ভাসানো,so,ae
ভাসিনি,ভাসা,so,am
ভাসিসনি,ভাসা,so,tu
ভাসেননি,ভাসা,so,ap
ভাসেনি,ভাসা,so,ae
ভাসোনি,ভাসা,so,tm
ভিজাইনি,ভিজানো,so,am
ভিজাওনি,ভিজানো,so,tm
ভিজাননি,ভিজানো,so,ap
ভিজাসনি,ভিজানো,so,tu
ভিজিনি,ভিজা,so,am
ভিজিনি,ভেজা,so,am
ভিজিসনি,ভিজা,so,tu
ভিজিসনি,ভেজা,so,tu
ভিজেননি,ভিজা,so,ap
ভিজোনি,ভিজা,so,tm
ভিড়নি,ভিড়া,so,ae
ভিড়াইনি,ভিড়া,so,am
ভিড়াওনি,ভিড়া,so,tm
ভিড়াওনি,ভিড়ানো,so,tm
ভিড়াননি,ভিড়ানো,so,ap
ভিড়াসনি,ভিড়া,so,tu
ভিড়াসনি,ভিড়ানো,so,tu
ভিড়ায়নি,ভিড়া,so,ae
ভিড়ায়নি,ভিড়ানো,so,ae
ভিড়িনি,ভিড়ানো,so,am
ভিড়িসনি,ভিড়া,so,tu
ভিড়েননি,nan,so,ap
ভিড়েননি,ভিড়া,so,ap
ভিড়েনি,ভিজানো,so,ae
ভিড়েনি,ভিড়া,so,am
ভিড়োনি,ভিড়া,so,tm
ভুগিনি,ভাসানো,so,am
ভুগিনি,ভুগা,so,am
ভুগিসনি,ভাসানো,so,tu
ভুগিসনি,ভুগা,so,tu
ভুলিনি,ভালা,so,am
ভুলিনি,ভুলা,so,am
ভুলিসনি,ভালা,so,tu
ভুলিসনি,ভুলা,so,tu
ভেজাইনি,ভুলানো,so,am
ভেজাইনি,ভেজানো,so,am
ভেজাওনি,ভুলানো,so,tm
ভেজাওনি,ভেজানো,so,tm
ভেজাননি,ভেজানো,so,ap
ভেজাসনি,ভুলানো,so,tu
ভেজাসনি,ভেজানো,so,tu
ভেজায়নি,ভুলানো,so,ae
ভেজায়নি,ভেজানো,so,ae
ভেজেননি,ভেজা,so,ap
ভেজেনি,ভিজা,so,ae
ভেজেনি,ভেজা,so,ae
ভেজোনি,ভেজা,so,tm
ভোগাইনি,ভুগানো,so,am
ভোগাওনি,ভুগানো,so,tm
ভোগাননি,ভুগানো,so,ap
ভোগাসনি,ভুগানো,so,tu
ভোগায়নি,ভুগানো,so,ae
ভোগেননি,ভুগা,so,ap
ভোগোনি,ভুগা,so,tm
ভোলাইনি,ভালানো,so,am
ভোলাইনি,ভুলানো,so,am
ভোলাওনি,ভালানো,so,tm
ভোলাওনি,ভুলানো,so,tm
ভোলাননি,nan,so,ap
ভোলাননি,ভালানো,so,ap
ভোলাননি,ভুলানো,so,ap
ভোলাসনি,ভালানো,so,tu
ভোলাসনি,ভুলানো,so,tu
ভোলায়নি,ভালানো,so,ae
ভোলায়নি,ভুলানো,so,ae
ভোলেননি,ভালা,so,ap
ভোলেননি,ভুলা,so,ap
ভোলেনি,ভালা,so,ae
ভোলেনি,ভুগা,so,ae
ভোলেনি,ভুলা,so,ae
ভোলোনি,ভালা,so,tm
ভোলোনি,ভুলা,so,tm
ভড়কাইনি,ভড়কানো,so,am
ভড়কাওনি,ভড়কানো,so,tm
ভড়কাননি,ভড়কানো,so,ap
ভড়কাসনি,ভড়কা,so,tu
ভড়কাসনি,ভড়কানো,so,tu
ভড়কায়নি,ভড়কানো,so,ae
ভড়কিনি,ভড়কা,so,am
ভড়কেননি,ভড়কা,so,ap
ভড়কেনি,ভড়কা,so,ae
ভড়কোনি,ভড়কা,so,tm
মজাইনি,মজানো,so,am
মজাওনি,মজানো,so,tm
মজাননি,মজানো,so,ap
মজাসনি,মজানো,so,tu
মজায়নি,মজানো,so,ae
মজিনি,মজা,so,am
মজিসনি,মজা,so,tu
মজেননি,মজা,so,ap
মজেনি,মজা,so,ae
মজোনি,মজা,so,tm
মটকাইনি,মটকানো,so,am
মটকাওনি,মটকানো,so,tm
মটকাননি,nan,so,ap
মটকাননি,মটকানো,so,ap
মটকাসনি,মটকানো,so,tu
মটকায়নি,মটকানো,so,ae
মলাইনি,মলানো,so,am
মলাওনি,মলানো,so,tm
মলাননি,মলানো,so,ap
মলাসনি,মলানো,so,tu
মলায়নি,মলানো,so,ae
মলিনি,মলা,so,am
মলিসনি,মলা,so,tu
মলেননি,মলা,so,ap
মলেনি,মলা,so,ae
মলোনি,মলা,so,tm
মাখনি,মাখা,so,ae
মাখাইনি,মাখানো,so,am
মাখাওনি,মাখানো,so,tm
মাখাননি,nan,so,ap
মাখাননি,মাখানো,so,ap
মাখাসনি,মাখানো,so,tu
মাখায়নি,মাখানো,so,ae
মাখিনি,মাখা,so,am
মাখিসন,মাখা,so,tu
মাখেননি,মাখা,so,ap
মাখোনি,মাখা,so,tm
মাগাইনি,মাখানো,so,am
মাগাওনি,মাখানো,so,tm
মাগাননি,nan,so,ap
মাগাননি,মাগা,so,ap
মাগাসনি,মাখানো,so,tu
মাগায়নি,মাখানো,so,ae
মাগিনি,মাগা,so,am
মাগিসনি,মাগা,so,tu
মাগেনি,মাগা,so,ae
মাগোনি,মাগা,so,tm
মাছাইনি,মাছা,so,am
মাছাওনি,মাছা,so,tm
মাছাননি,মাছা,so,ap
মাছাসনি,মাছা,so,tu
মাছায়নি,মাছা,so,ae
মাছেনি,মারা,so,ae
মাছোনি,মারা,so,tm
মাজাইনি,মাজা,so,am
মাজাওনি,মাজা,so,tm
মাজাননি,মাজা,so,ap
মাজাসনি,মাজা,so,tu
মাজায়নি,মাজা,so,ae
মাজিনি,মাগা,so,am
মাজিসনি,মাগা,so,tu
মাজেনি,মাগা,so,ae
মাজোনি,মাগা,so,tm
মাতাইনি,মাতানো,so,am
মাতাওনি,মাতানো,so,tm
মাতাননি,মাতানো,so,ap
মাতাসনি,মাতানো,so,tu
মাতায়নি,মাতানো,so,ae
মাতিনি,মাতা,so,am
মাতিসনি,মাতা,so,tu
মাতেননি,মাতা,so,ap
মাতেনি,মাতা,so,ae
মাতোনি,মাতা,so,tm
মানাইনি,মানানো,so,am
মানাওনি,মানানো,so,tm
মানাননি,মানানো,so,ap
মানাসনি,মানানো,so,tu
মানায়নি,মানানো,so,ae
মানিনি,মানা,so,am
মানিসনি,মানা,so,tu
মানেননি,মানা,so,ap
মানেনি,মানা,so,ae
মানোনি,মানা,so,tm
মাপাইনি,মাপানো,so,am
মাপাওনি,মাপানো,so,tm
মাপাননি,মাপানো,so,ap
মাপাসনি,মাপানো,so,tu
মাপায়নি,মাপানো,so,ae
মাপিনি,মাপা,so,am
মাপিসনি,মাপা,so,tu
মাপেননি,মাপা,so,ap
মাপেনি,মাপা,so,ae
মাপোনি,মাপা,so,tm
মারাইনি,মারা,so,am
মারাওনি,মারা,so,tm
মারাননি,মারা,so,ap
মারাসনি,মারা,so,tu
মারায়নি,মারা,so,ae
মারিনি,মটকানো,so,am
মারিসনি,মটকানো,so,tu
মারেনি,মটকানো,so,ae
মারোনি,মটকানো,so,tm
মিটাইনি,মিটানো,so,am
মিটাওনি,মিটানো,so,tm
মিটাননি,মিটানো,so,ap
মিটাসনি,মিটানো,so,tu
মিটায়নি,মিটানো,so,ae
মিলাইনি,মিলা,so,am
মিলাওনি,মিলা,so,tm
মিলাননি,মিলা,so,ap
মিলাসনি,মিলা,so,tu
মিলায়নি,মিলা,so,ae
মিলিনি,মিলানো,so,am
মিলিনি,মেলা,so,am
মিলিসনি,মিলানো,so,tu
মিলেননি,nan,so,ap
মিলেননি,মিলানো,so,ap
মিলেনি,মিলানো,so,ae
মিলোনি,মিলানো,so,tm
মিশাইনি,মিশানো,so,am
মিশাওনি,মিশানো,so,tm
মিশাননি,মিশানো,so,ap
মিশাসনি,মিশানো,so,tu
মিশায়নি,মিশানো,so,ae
মিশিনি,মিলানো,so,am
মিশিনি,মেশা,so,am
মিশিসনি,মিলানো,so,tu
মিশিসনি,মেশা,so,tu
মিশেনি,মিলানো,so,ae
মিশোনি,মিলানো,so,tm
মুচড়াইনি,মুচড়ানো,so,am
মুচড়াওনি,মুচড়ানো,so,tm
মুচড়াননি,মুচড়ানো,so,ap
মুচড়াসনি,মুচড়ানো,so,tu
মুচড়ায়নি,মুচড়ানো,so,ae
মুছাইনি,মুছানো,so,am
মুছাওনি,মুছানো,so,tm
মুছাননি,nan,so,ap
মুছাননি,মুছানো,so,ap
মুছাসনি,মুছানো,so,tu
মুছায়নি,মুছানো,so,ae
মুছিনি,মারা,so,am
মুছিনি,মুছা,so,am
মুছিনি,মোছা,so,am
মুছিসনি,মারা,so,tu
মুছিসনি,মুছা,so,tu
মুছিসনি,মোছা,so,tu
মুছেননি,মুছা,so,ap
মুছেনি,মুছা,so,ae
মুছোনি,মুছা,so,tm
মুতাইনি,মুতানো,so,am
মুতাওনি,মুতানো,so,tm
মুতাননি,মুতানো,so,ap
মুতাসনি,মুতানো,so,tu
মুতায়নি,মুতানো,so,ae
মুতিনি,মুতা,so,am
মুতিসনি,মুতা,so,tu
মুতেননি,মুতা,so,ap
মুতেনি,মুতা,so,ae
মুতোনি,মুতা,so,tm
মুড়াইনি,মুড়ানো,so,am
মুড়াওনি,মুড়ানো,so,tm
মুড়াননি,মুড়ানো,so,ap
মুড়াসনি,মুড়ানো,so,tu
মুড়ায়নি,মুড়ানো,so,ae
মুড়িনি,মুছানো,so,am
মুড়িনি,মুড়া,so,am
মুড়িনি,মোড়া,so,am
মুড়িসনি,মুছানো,so,tu
মুড়িসনি,মুড়া,so,tu
মুড়িসনি,মোড়া,so,tu
মুড়েননি,মুড়া,so,ap
মুড়েনি,মুছানো,so,ae
মুড়েনি,মুড়া,so,ae
মুড়োনি,মুছানো,so,tm
মুড়োনি,মুড়া,so,tm
মেটাইনি,মেটানো,so,am
মেটাওনি,মেটানো,so,tm
মেটাননি,মেটানো,so,ap
মেটাসনি,মেটানো,so,tu
মেটায়নি,মেটানো,so,ae
মেটেনি,মেটা,so,ae
মেলাইনি,মেলানো,so,am
মেলাওনি,মেলানো,so,tm
মেলাননি,মেলানো,so,ap
মেলাসনি,মেলানো,so,tu
মেলায়নি,মেলানো,so,ae
মেলিসনি,মেলা,so,tu
মেলেননি,মেলা,so,ap
মেলেনা,মেলা,so,ae
মেলোনি,মেলা,so,tm
মেশাইনি,মেশানো,so,am
মেশাওনি,মেশানো,so,tm
মেশাননি,মেশানো,so,ap
মেশাসনি,মেশানো,so,tu
মেশায়নি,মেশানো,so,ae
মেশেননি,মেশা,so,ap
মেশেনি,মেশা,so,ae
মেশোনি,মেশা,so,tm
মোছাইনি,মোছানো,so,am
মোছাওনি,মোছানো,so,tm
মোছাননি,মোছানো,so,ap
মোছাসনি,মোছানো,so,tu
মোছায়নি,মোছানো,so,ae
মোছেননি,মোছা,so,ap
মোছেনি,মোছা,so,ae
মোছোনি,মোছা,so,tm
মোড়াইনি,মোড়ানো,so,am
মোড়াওনি,মোড়ানো,so,tm
মোড়াননি,nan,so,ap
মোড়াননি,মোড়ানো,so,ap
মোড়াসনি,মোড়ানো,so,tu
মোড়ায়নি,মোড়ানো,so,ae
মোড়েননি,মোড়া,so,ap
মোড়েনি,মোড়া,so,ae
মোড়োনি,মোড়া,so,tm
যাইনি,মোড়ানো,so,am
যাওনি,মোড়ানো,so,tm
যাওয়াইনি,যাওয়া,so,am
যাওয়াওনি,যাওয়া,so,tm
যাওয়াননি,যাওয়া,so,ap
যাওয়াসনি,যাওয়া,so,tu
যাওয়ায়নি,যাওয়া,so,ae
যাচাইনি,যাচানো,so,am
যাচাওনি,যাচানো,so,tm
যাচাননি,যাচানো,so,ap
যাচাসনি,যাচানো,so,tu
যাচায়নি,যাচানো,so,ae
যাচিনি,যাচা,so,am
যাচিসনি,যাচা,so,tu
যাচেননি,যাচা,so,ap
যাচেনি,যাচা,so,ae
যাচোনি,যাচা,so,tm
যাসনি,মোড়ানো,so,tu
যায়নি,মোড়ানো,so,ae
রইনি,রওয়া,so,tm
রওয়াইনি,রওয়ানো,so,am
রওয়াওনি,রওয়ানো,so,tm
রওয়াননি,রওয়ানো,so,ap
রওয়াসনি,রওয়ানো,so,tu
রওয়ায়নি,রওয়ানো,so,ae
রটাইনি,রটানো,so,am
রটাওনি,রটানো,so,tm
রটাননি,রটানো,so,ap
রটাসনি,রটানো,so,tu
রটায়নি,রটানো,so,ae
রটিনি,রটা,so,am
রটিসনি,রটা,so,tu
রটেননি,রটা,so,ap
রটেনি,রটা,so,ae
রটোনি,রটা,so,tm
রননি,রওয়া,so,ap
রসাইনি,রসানো,so,am
রসাওনি,রসানো,so,tm
রসাননি,রসানো,so,ap
রসাসনি,রসানো,so,tu
রসায়নি,রসানো,so,ae
রসিনি,রসা,so,am
রসিসনি,রসা,so,tu
রসেননি,রসা,so,ap
রসেনি,রসা,so,ae
রসোনি,রসা,so,tm
রহসনি,রহা,so,tu
রহাইনি,রহানো,so,am
রহাওনি,রহানো,so,tm
রহাননি,nan,so,ap
রহাননি,রহানো,so,ap
রহাসনি,রহানো,so,tu
রহায়নি,রহানো,so,ae
রহিনি,রহা,so,am
রহেননি,রহা,so,ap
রহেনি,রহা,so,ae
রহোনি,রহা,so,tm
রাঁধাইনি,রাঁধা,so,am
রাঁধাওনি,রাঁধা,so,tm
রাঁধাননি,nan,so,ap
রাঁধাননি,রাঁধা,so,ap
রাঁধাসনি,রাঁধা,so,tu
রাঁধায়নি,রাঁধা,so,ae
রাঁধিনি,রহানো,so,am
রাঁধিসনি,রহানো,so,tu
রাঁধেনি,রহানো,so,ae
রাঁধোনি,রহানো,so,tm
রাখাইনি,রাখা,so,am
রাখাওনি,রাখা,so,tm
রাখাননি,রাখা,so,ap
রাখাসনি,রাখা,so,tu
রাখায়নি,রাখা,so,ae
রাখিনি,রাঁধা,so,am
রাখিসনি,রাঁধা,so,tu
রাখেনি,রাঁধা,so,ae
রাখোনি,রাঁধা,so,tm
রাগাইনি,রাগানো,so,am
রাগাওনি,রাগানো,so,tm
রাগাননি,রাগানো,so,ap
রাগাসনি,রাগানো,so,tu
রাগায়নি,রাগানো,so,ae
রাগিনি,রাগা,so,am
রাগিসনি,রাগা,so,tu
রাগেননি,রাগা,so,ap
রাগেনি,রাগা,so,ae
রাগোনি,রাগা,so,tm
রুখাইনি,রুখানো,so,am
রুখাওনি,রুখানো,so,tm
রুখাননি,রুখানো,so,ap
রুখাসনি,রুখানো,so,tu
রুখায়নি,রুখানো,so,ae
রুখিনি,রুখা,so,am
রুখিসনি,রুখা,so,tu
রুখেননি,রুখা,so,ap
রুখেনি,রুখা,so,ae
রুখোনি,রুখা,so,tm
রোপাইনি,রোপানো,so,am
রোপাওনি,রোপানো,so,tm
রোপাননি,রোপানো,so,ap
রোপাসনি,রোপানো,so,tu
রোপায়নি,রোপানো,so,ae
রোপিনি,রোপা,so,am
রোপিসনি,রোপা,so,tu
রোপেননি,রোপা,so,ap
রোপেনি,রোপা,so,ae
রোপোনি,রোপা,so,tm
রোসনি,রওয়া,so,tu
রয়নি,রওয়া,so,ae
রয়নি,রওয়া,so,am
লটকাইনি,লটকানো,so,am
লটকাওনি,লটকানো,so,tm
লটকাননি,লটকানো,so,ap
লটকাসনি,লটকানো,so,tu
লটকায়নি,লটকানো,so,ae
লটকিনি,লটকা,so,am
লটকিসনি,লটকা,so,tu
লটকেননি,লটকা,so,ap
লটকেনি,লটকা,so,ae
লটকোনি,লটকা,so,tm
লাগাইনি,লাগানো,so,am
লাগাওনি,লাগানো,so,tm
লাগাননি,লাগানো,so,ap
লাগাসনি,লাগানো,so,tu
লাগায়নি,লাগানো,so,ae
লাগিনি,লাগা,so,am
লাগিসনি,লাগা,so,tu
লাগেননি,লাগা,so,ap
লাগেনি,লাগা,so,ae
লাগোনি,লাগা,so,tm
লাফাইনি,লাফানো,so,am
লাফাওনি,লাফানো,so,tm
লাফাননি,লাফানো,so,ap
লাফাসনি,লাফানো,so,tu
লাফায়নি,লাফানো,so,ae
লিখাইনি,লিখানো,so,am
লিখাওনি,লিখানো,so,tm
লিখাননি,লিখানো,so,ap
লিখাসনি,লিখানো,so,tu
লিখায়নি,লিখানো,so,ae
লিখিনি,লিখা,so,am
লিখিসনি,লিখা,so,tu
লিখেননি,লিখা,so,ap
লিখেনি,লিখা,so,ae
লিখোনি,লিখা,so,tm
লুকাইনি,লুকানো,so,am
লুকাওনি,লুকানো,so,tm
লুকাননি,nan,so,ap
লুকাননি,লুকানো,so,ap
লুকাসনি,লুকানো,so,tu
লুকায়নি,লুকানো,so,ae
লুটাইনি,লুকানো,so,am
লুটাইনি,লুকানো,so,tm
লুটাসনি,লুকানো,so,tu
লুটায়নি,লুকানো,so,ae
লুটিনি,লুটানো,so,am
লুটিসনি,লুটানো,so,tu
লুটেননি,লুটানো,so,ap
লুটেনি,লুটানো,so,ae
লুটোনি,লুটানো,so,tm
লুফাইনি,লুফা,so,am
লুফাইনি,লুফা,so,tm
লুফাননি,লুফা,so,ap
লুফাসনি,লুফা,so,tu
লুফায়নি,লুফা,so,ae
লুফিনি,লুফানো,so,am
লুফিসনি,লুফানো,so,tu
লুফেননি,লুফানো,so,ap
লুফেনি,লুফানো,so,ae
লুফোনি,লুফানো,so,tm
লেখাইনি,লেখানো,so,am
লেখাইনি,লেখানো,so,tm
লেখাননি,লেখানো,so,ap
লেখাসনি,লেখানো,so,tu
লেখায়নি,লেখানো,so,ae
লেখিনি,লেখা,so,am
লেখিসনি,লেখা,so,tu
লেখেননি,লেখা,so,ap
লেখেনি,লেখা,so,ae
লেখোনি,লেখা,so,tm
লড়াইনি,লড়ানো,so,am
লড়াইনি,লড়ানো,so,tm
লড়াননি,লড়ানো,so,ap
লড়াসনি,লড়ানো,so,tu
লড়ায়নি,লড়ানো,so,ae
লড়িনি,লড়া,so,am
লড়িসনি,লড়া,so,tu
লড়েননি,লড়া,so,ap
লড়েনি,লড়া,so,ae
লড়োনি,লড়া,so,tm
শাওনি,শানানো,so,tm
শাধরাইনি,শাধরানো,so,am
শাধরাওনি,শাধরানো,so,tm
শাধরাননি,শাধরানো,so,ap
শাধরাসনি,শাধরানো,so,tu
শাধরায়নি,শাধরানো,so,ae
শাধরেনি,শানানো,so,ae
শাধরোনি,শানানো,so,tm
শানাইনি,শানানো,so,am
শানাইনি,শানানো,so,tm
শানাননি,nan,so,ap
শানাননি,শানানো,so,ap
শানাসনি,শানানো,so,tu
শানায়নি,শানানো,so,ae
শানিনি,শানা,so,am
শানিসনি,শানা,so,tu
শানেননি,শানা,so,ap
শানেনি,শানা,so,ae
শানোনি,শানা,so,tm
শায়নি,শানানো,so,ae
শায়াইনি,শায়ানো,so,am
শায়াওনি,শায়ানো,so,tm
শায়াননি,nan,so,ap
শায়াননি,শায়ানো,so,ap
শায়াসনি,শায়ানো,so,tu
শায়ায়নি,শায়ানো,so,ae
শিখিনি,শেখা,so,am
শিখিসনি,শেখা,so,tu
শুইনি,শানানো,so,am
শুইনি,শুয়া,so,am
শুইনি,শোধানো,so,am
শুওনি,শুয়া,so,tm
শুকাইনি,শুকানো,so,am
শুকাওনি,শুকানো,so,tm
শুকাননি,শুকানো,so,ap
শুকাসনি,শুকানো,so,tu
শুকায়নি,শুকানো,so,ae
শুকিনি,শায়ানো,so,am
শুকিনি,শায়ানো,so,tu
শুকেনি,শায়ানো,so,ae
শুকোনি,শায়ানো,so,tm
শুধরাসনি,শানানো,so,tu
শুধরিনি,শানানো,so,am
শুধাইনি,শুধানো,so,am
শুধাওনি,শুধানো,so,tm
শুধাননি,শুধানো,so,ap
শুধাসনি,শুধানো,so,tu
শুধায়নি,শুধানো,so,ae
শুনাইনি,শুনানো,so,am
শুনাওনি,শুনানো,so,tm
শুনাননি,শুনানো,so,ap
শুনাসনি,শুনানো,so,tu
শুনায়নি,শুনানো,so,ae
শুনিনি,শানা,so,am
শুনিনি,শুনা,so,am
শুনিসনি,শানা,so,tu
শুনিসনি,শুনা,so,tu
শুনেননি,শুনা,so,ap
শুনেনি,শুনা,so,ae
শুনোনি,শুনা,so,tm
শুষাইনি,শুষানো,so,am
শুষাওনি,শুষানো,so,tm
শুষাননি,শুষানো,so,ap
শুষাসনি,শুষানো,so,tu
শুষায়নি,শুষানো,so,ae
শুষিনি,শুষা,so,am
শুষিসনি,শুষা,so,tu
শুষেননি,শুষা,so,ap
শুষেনি,শুষা,so,ae
শুষোনি,শুষা,so,tm
শুসনি,শানানো,so,tu
শুসনি,শুয়া,so,tu
শুসনি,শোধানো,so,tu
শুয়াইনি,শুয়ানো,so,am
শুয়াওনি,শুয়ানো,so,tm
শুয়াননি,শুয়ানো,so,ap
শুয়াসনি,শুয়ানো,so,tu
শুয়ায়নি,শুয়ানো,so,ae
শেখাইনি,শেখানো,so,am
শেখাওনি,শেখানো,so,tm
শেখাননি,শেখানো,so,ap
শেখাসনি,শেখানো,so,tu
শেখায়নি,শেখানো,so,ae
শেখেননি,শেখা,so,ae
শেখেননি,শেখা,so,ap
শেখোনি,শেখা,so,tm
শোওনি,শোধানো,so,tm
শোধাইনি,শোধানো,so,am
শোধাওনি,শোধানো,so,tm
শোধাননি,nan,so,ap
শোধাননি,শোধানো,so,ap
শোধাসনি,শোধানো,so,tu
শোধায়নি,শোধানো,so,ae
শোননি,শুয়া,so,ap
শোয়নি,শুয়া,so,ae
শোয়নি,শোধানো,so,ae
শোয়াইনি,শোয়া,so,am
শোয়াওনি,শোয়া,so,tm
শোয়াননি,শোয়া,so,ap
শোয়াসনি,শোয়া,so,tu
শোয়ায়নি,শোয়া,so,ae
সঁপাইনি,সঁপানো,so,am
সঁপাওনি,সঁপানো,so,tm
সঁপাননি,সঁপানো,so,ap
সঁপাসনি,সঁপানো,so,tu
সঁপায়নি,সঁপানো,so,ae
সঁপিনি,সঁপা,so,am
সঁপিসনি,সঁপা,so,tu
সঁপেননি,সঁপা,so,ap
সঁপেনি,সঁপা,so,ae
সঁপোনি,সঁপা,so,tm
সইনি,সওয়া,so,am
সইসনি,সওয়া,so,tu
সওনি,সওয়া,so,tm
সওয়াইনি,সওয়ানো,so,am
সওয়াওনি,সওয়ানো,so,tm
সওয়াননি,সওয়ানো,so,ap
সওয়াসনি,সওয়ানো,so,tu
সওয়ায়নি,সওয়ানো,so,ae
সটকাইনি,সটকানো,so,am
সটকাওনি,সটকানো,so,tm
সটকাননি,সটকানো,so,ap
সটকাসনি,সটকানো,so,tu
সটকায়নি,সটকানো,so,ae
সটকিনি,সটকা,so,am
সটকিসনি,সটকা,so,tu
সটকেননি,সটকা,so,ap
সটকেনি,সটকা,so,ae
সটকোনি,সটকা,so,tm
সননি,সওয়া,so,ap
সরাইনি,সরানো,so,am
সরাওনি,সরানো,so,tm
সরাননি,সরানো,so,ap
সরাসনি,সরানো,so,tu
সরায়নি,সরানো,so,ae
সরিনি,সরা,so,am
সরিসনি,সরা,so,tu
সরেননি,সরা,so,ap
সরেনি,সরা,so,ae
সরোনি,সরা,so,tm
সহাইনি,সহানো,so,am
সহাওনি,সহানো,so,tm
সহাননি,সহানো,so,ap
সহাসনি,সহানো,so,tu
সহায়নি,সহানো,so,ae
সহিনি,সহা,so,am
সহিসনি,সহা,so,tu
সহেননি,সহা,so,ap
সহেনি,সহা,so,ae
সহোনি,সহা,so,tm
সাজাইনি,সাজানো,so,am
সাজাওনি,সাজানো,so,tm
সাজাননি,সাজানো,so,ap
সাজাসনি,সাজানো,so,tu
সাজায়নি,সাজানো,so,ae
সাজিনি,সাজা,so,am
সাজিসনি,সাজা,so,tu
সাজেননি,সাজা,so,ap
সাজেনি,সাজা,so,ae
সাজোনি,সাজা,so,tm
সাধাইনি,সাধানো,so,am
সাধাওনি,সাধানো,so,tm
সাধাননি,সাধানো,so,ap
সাধাসনি,সাধানো,so,tu
সাধায়নি,সাধানো,so,ae
সাধিনি,সাধা,so,am
সাধিসনি,সাধা,so,tu
সাধেননি,সাধা,so,ap
সাধেনি,সাধা,so,ae
সাধোনি,সাধা,so,tm
সামলাইনি,সামলানো,so,am
সামলাওনি,সামলানো,so,tm
সামলাননি,সামলানো,so,ap
সামলাসনি,সামলানো,so,tu
সামলায়নি,সামলানো,so,ae
সেঁচাইনি,সেঁচানো,so,am
সেঁচাওনি,সেঁচানো,so,tm
সেঁচাননি,সেঁচানো,so,ap
সেঁচাসনি,সেঁচানো,so,tu
সেঁচায়নি,সেঁচানো,so,ae
সেঁচিনি,সেঁচা,so,am
সেঁচিসনি,সেঁচা,so,tu
সেঁচেননি,সেঁচা,so,ap
সেঁচেনি,সেঁচা,so,ae
সেঁচোনি,সেঁচা,so,tm
সেকাইনি,সেকানো,so,am
সেকাওনি,সেকানো,so,tm
সেকাননি,সেকানো,so,ap
সেকাসনি,সেকানো,so,tu
সেকায়নি,সেকানো,so,ae
সেকিনি,সেকা,so,am
সেকিসনি,সেকা,so,tu
সেকেননি,সেকা,so,ap
সেকেনি,সেকা,so,ae
সেকোনি,সেকা,so,tm
সয়নি,সওয়া,so,ae
হইনি,হওয়া,so,am
হওনি,হওয়া,so,tm
হওয়াইনি,হওয়ানো,so,am
হওয়াওনি,হওয়ানো,so,tm
হওয়াননি,হওয়ানো,so,ap
হওয়াসনি,হওয়ানো,so,tu
হওয়ায়নি,হওয়ানো,so,ae
হটাইনি,হটানো,so,am
হটাওনি,হটানো,so,tm
হটাননি,হটানো,so,ap
হটাসনি,হটানো,so,tu
হটায়নি,হটানো,so,ae
হটিনি,হটা,so,am
হটিসনি,হটা,so,tu
হটেননি,হটা,so,ap
হটেনি,হটা,so,ae
হটোনি,হটা,so,tm
হননি,হওয়া,so,ap
হরাইনি,হরানো,so,am
হরাওনি,হরানো,so,tm
হরাননি,হরানো,so,ap
হরাসনি,হরানো,so,tu
হরায়নি,হরানো,so,ae
হরিনি,হরা,so,am
হরিসনি,হরা,so,tu
হরেনি,হরা,so,ae
হরেনি,হরা,so,ap
হরোনি,হরা,so,tm
হাঁকাইনি,হাঁকানো,so,am
হাঁকাওনি,হাঁকানো,so,tm
হাঁকাননি,nan,so,ap
হাঁকাননি,হাঁকানো,so,ap
হাঁকাসনি,হাঁকানো,so,tu
হাঁকায়নি,হাঁকানো,so,ae
হাঁকিনি,হাঁকা,so,am
হাঁকিসনি,হাঁকা,so,tu
হাঁকেনি,হাঁকা,so,ae
হাঁকেনি,হাঁকা,so,ap
হাঁকোনি,হাঁকা,so,tm
হাঁচাইনি,হাঁচা,so,am
হাঁচাওনি,হাঁচা,so,tm
হাঁচাননি,nan,so,ap
হাঁচাননি,হাঁচা,so,ap
হাঁচাসনি,হাঁচা,so,tu
হাঁচায়নি,হাঁচা,so,ae
হাঁচিনি,হাঁকানো,so,am
হাঁচিসনি,হাঁকানো,so,tu
হাঁচেনি,হাঁকানো,so,ae
হাঁচোনি,হাঁকানো,so,tm
হাঁটাইনি,হাঁটা,so,am
হাঁটাওনি,হাঁটা,so,tm
হাঁটাননি,হাঁটা,so,ap
হাঁটাসনি,হাঁটা,so,tu
হাঁটায়নি,হাঁটা,so,ae
হাঁটিনি,হাঁচা,so,am
হাঁটিসনি,হাঁচা,so,tu
হাঁটেনি,হাঁচা,so,ae
হাঁটোনি,হাঁচা,so,tm
হাতাইনি,হাতানো,so,am
হাতাওনি,হাতানো,so,tm
হাতাননি,হাতানো,so,ap
হাতাসনি,হাতানো,so,tu
হাতায়নি,হাতানো,so,ae
হাতড়াইনি,হাতড়ানো,so,am
হাতড়াওনি,হাতড়ানো,so,tm
হাতড়াননি,হাতড়ানো,so,ap
হাতড়াসনি,হাতড়ানো,so,tu
হাতড়ায়নি,হাতড়ানো,so,ae
হানাইনি,হানানো,so,am
হানাওনি,হানানো,so,tm
হানাননি,হানানো,so,ap
হানাসনি,হানানো,so,tu
হানায়নি,হানানো,so,ae
হানিনি,হানা,so,am
হানিসনি,হানা,so,tu
হানেননি,হানা,so,ap
হানেনি,হানা,so,ae
হানোনি,হানা,so,tm
হারাইনি,হারানো,so,am
হারাওনি,হারানো,so,tm
হারাননি,হারানো,so,ap
হারাসনি,হারানো,so,tu
হারায়নি,হারানো,so,ae
হারিনি,হারা,so,am
হারিসনি,হারা,so,tu
হারেননি,হারা,so,ap
হারেনি,হারা,so,ae
হারোনি,হারা,so,tm
হাসাইনি,হাসানো,so,am
হাসাওনি,হাসানো,so,tm
হাসাননি,হাসানো,so,ap
হাসাসনি,হাসানো,so,tu
হাসায়নি,হাসানো,so,ae
হাসিনি,হাসা,so,am
হাসিসনি,হাসা,so,tu
হাসেননি,হাসা,so,ap
হাসেনি,হাসা,so,ae
হাসোনি,হাসা,so,tm
হেলাইনি,হেলানো,so,am
হেলাওনি,হেলানো,so,tm
হেলাননি,হেলানো,so,ap
হেলাসনি,হেলানো,so,tu
হেলায়নি,হেলানো,so,ae
হেলিনি,হেলা,so,am
হেলিসনি,হেলা,so,tu
হেলেননি,হেলা,so,ap
হেলেনি,হেলা,so,ae
হেলোনি,হেলা,so,tm
হোসনি,হওয়া,so,tu
হয়নি,হওয়া,so,ae
